"","c.0TerminalKeratinocyte.CD14","c.0TerminalKeratinocyte.SERPINE1","c.0TerminalKeratinocyte.IL13RA1","c.0TerminalKeratinocyte.CTGF","c.0TerminalKeratinocyte.OSMR","c.0TerminalKeratinocyte.THBS1","c.0TerminalKeratinocyte.COMP","c.0TerminalKeratinocyte.SIGLEC1","c.0TerminalKeratinocyte.IFI44","c.0TerminalKeratinocyte.CCL2","c.0TerminalKeratinocyte.IGFBP3","c.0TerminalKeratinocyte.ADAM12","c.0TerminalKeratinocyte.THY1","c.0TerminalKeratinocyte.WIF1","c.0TerminalKeratinocyte.MS4A4A","c.0TerminalKeratinocyte.CD163","c.1BasalKeratinocyte.CD14","c.1BasalKeratinocyte.SERPINE1","c.1BasalKeratinocyte.IL13RA1","c.1BasalKeratinocyte.CTGF","c.1BasalKeratinocyte.OSMR","c.1BasalKeratinocyte.THBS1","c.1BasalKeratinocyte.COMP","c.1BasalKeratinocyte.SIGLEC1","c.1BasalKeratinocyte.IFI44","c.1BasalKeratinocyte.CCL2","c.1BasalKeratinocyte.IGFBP3","c.1BasalKeratinocyte.ADAM12","c.1BasalKeratinocyte.THY1","c.1BasalKeratinocyte.WIF1","c.1BasalKeratinocyte.MS4A4A","c.1BasalKeratinocyte.CD163","c.2Endothelial.CD14","c.2Endothelial.SERPINE1","c.2Endothelial.IL13RA1","c.2Endothelial.CTGF","c.2Endothelial.OSMR","c.2Endothelial.THBS1","c.2Endothelial.COMP","c.2Endothelial.SIGLEC1","c.2Endothelial.IFI44","c.2Endothelial.CCL2","c.2Endothelial.IGFBP3","c.2Endothelial.ADAM12","c.2Endothelial.THY1","c.2Endothelial.WIF1","c.2Endothelial.MS4A4A","c.2Endothelial.CD163","c.3SFRP2Fibroblast.CD14","c.3SFRP2Fibroblast.SERPINE1","c.3SFRP2Fibroblast.IL13RA1","c.3SFRP2Fibroblast.CTGF","c.3SFRP2Fibroblast.OSMR","c.3SFRP2Fibroblast.THBS1","c.3SFRP2Fibroblast.COMP","c.3SFRP2Fibroblast.SIGLEC1","c.3SFRP2Fibroblast.IFI44","c.3SFRP2Fibroblast.CCL2","c.3SFRP2Fibroblast.IGFBP3","c.3SFRP2Fibroblast.ADAM12","c.3SFRP2Fibroblast.THY1","c.3SFRP2Fibroblast.WIF1","c.3SFRP2Fibroblast.MS4A4A","c.3SFRP2Fibroblast.CD163","c.4RERGLPericyte.CD14","c.4RERGLPericyte.SERPINE1","c.4RERGLPericyte.IL13RA1","c.4RERGLPericyte.CTGF","c.4RERGLPericyte.OSMR","c.4RERGLPericyte.THBS1","c.4RERGLPericyte.COMP","c.4RERGLPericyte.SIGLEC1","c.4RERGLPericyte.IFI44","c.4RERGLPericyte.CCL2","c.4RERGLPericyte.IGFBP3","c.4RERGLPericyte.ADAM12","c.4RERGLPericyte.THY1","c.4RERGLPericyte.WIF1","c.4RERGLPericyte.MS4A4A","c.4RERGLPericyte.CD163","c.5STEAP4Pericyte.CD14","c.5STEAP4Pericyte.SERPINE1","c.5STEAP4Pericyte.IL13RA1","c.5STEAP4Pericyte.CTGF","c.5STEAP4Pericyte.OSMR","c.5STEAP4Pericyte.THBS1","c.5STEAP4Pericyte.COMP","c.5STEAP4Pericyte.SIGLEC1","c.5STEAP4Pericyte.IFI44","c.5STEAP4Pericyte.CCL2","c.5STEAP4Pericyte.IGFBP3","c.5STEAP4Pericyte.ADAM12","c.5STEAP4Pericyte.THY1","c.5STEAP4Pericyte.WIF1","c.5STEAP4Pericyte.MS4A4A","c.5STEAP4Pericyte.CD163","c.6AdventitialFibroblast.CD14","c.6AdventitialFibroblast.SERPINE1","c.6AdventitialFibroblast.IL13RA1","c.6AdventitialFibroblast.CTGF","c.6AdventitialFibroblast.OSMR","c.6AdventitialFibroblast.THBS1","c.6AdventitialFibroblast.COMP","c.6AdventitialFibroblast.SIGLEC1","c.6AdventitialFibroblast.IFI44","c.6AdventitialFibroblast.CCL2","c.6AdventitialFibroblast.IGFBP3","c.6AdventitialFibroblast.ADAM12","c.6AdventitialFibroblast.THY1","c.6AdventitialFibroblast.WIF1","c.6AdventitialFibroblast.MS4A4A","c.6AdventitialFibroblast.CD163","c.7Macrophage.CD14","c.7Macrophage.SERPINE1","c.7Macrophage.IL13RA1","c.7Macrophage.CTGF","c.7Macrophage.OSMR","c.7Macrophage.THBS1","c.7Macrophage.COMP","c.7Macrophage.SIGLEC1","c.7Macrophage.IFI44","c.7Macrophage.CCL2","c.7Macrophage.IGFBP3","c.7Macrophage.ADAM12","c.7Macrophage.THY1","c.7Macrophage.WIF1","c.7Macrophage.MS4A4A","c.7Macrophage.CD163","c.8DermalSheathandPapillae.CD14","c.8DermalSheathandPapillae.SERPINE1","c.8DermalSheathandPapillae.IL13RA1","c.8DermalSheathandPapillae.CTGF","c.8DermalSheathandPapillae.OSMR","c.8DermalSheathandPapillae.THBS1","c.8DermalSheathandPapillae.COMP","c.8DermalSheathandPapillae.SIGLEC1","c.8DermalSheathandPapillae.IFI44","c.8DermalSheathandPapillae.CCL2","c.8DermalSheathandPapillae.IGFBP3","c.8DermalSheathandPapillae.ADAM12","c.8DermalSheathandPapillae.THY1","c.8DermalSheathandPapillae.WIF1","c.8DermalSheathandPapillae.MS4A4A","c.8DermalSheathandPapillae.CD163","c.9MonocyteDCNeutrophil.CD14","c.9MonocyteDCNeutrophil.SERPINE1","c.9MonocyteDCNeutrophil.IL13RA1","c.9MonocyteDCNeutrophil.CTGF","c.9MonocyteDCNeutrophil.OSMR","c.9MonocyteDCNeutrophil.THBS1","c.9MonocyteDCNeutrophil.COMP","c.9MonocyteDCNeutrophil.SIGLEC1","c.9MonocyteDCNeutrophil.IFI44","c.9MonocyteDCNeutrophil.CCL2","c.9MonocyteDCNeutrophil.IGFBP3","c.9MonocyteDCNeutrophil.ADAM12","c.9MonocyteDCNeutrophil.THY1","c.9MonocyteDCNeutrophil.WIF1","c.9MonocyteDCNeutrophil.MS4A4A","c.9MonocyteDCNeutrophil.CD163","c.10THelperCell.CD14","c.10THelperCell.SERPINE1","c.10THelperCell.IL13RA1","c.10THelperCell.CTGF","c.10THelperCell.OSMR","c.10THelperCell.THBS1","c.10THelperCell.COMP","c.10THelperCell.SIGLEC1","c.10THelperCell.IFI44","c.10THelperCell.CCL2","c.10THelperCell.IGFBP3","c.10THelperCell.ADAM12","c.10THelperCell.THY1","c.10THelperCell.WIF1","c.10THelperCell.MS4A4A","c.10THelperCell.CD163","c.11ProliferatingKeratinocyte.CD14","c.11ProliferatingKeratinocyte.SERPINE1","c.11ProliferatingKeratinocyte.IL13RA1","c.11ProliferatingKeratinocyte.CTGF","c.11ProliferatingKeratinocyte.OSMR","c.11ProliferatingKeratinocyte.THBS1","c.11ProliferatingKeratinocyte.COMP","c.11ProliferatingKeratinocyte.SIGLEC1","c.11ProliferatingKeratinocyte.IFI44","c.11ProliferatingKeratinocyte.CCL2","c.11ProliferatingKeratinocyte.IGFBP3","c.11ProliferatingKeratinocyte.ADAM12","c.11ProliferatingKeratinocyte.THY1","c.11ProliferatingKeratinocyte.WIF1","c.11ProliferatingKeratinocyte.MS4A4A","c.11ProliferatingKeratinocyte.CD163","c.12MastCell.CD14","c.12MastCell.SERPINE1","c.12MastCell.IL13RA1","c.12MastCell.CTGF","c.12MastCell.OSMR","c.12MastCell.THBS1","c.12MastCell.COMP","c.12MastCell.SIGLEC1","c.12MastCell.IFI44","c.12MastCell.CCL2","c.12MastCell.IGFBP3","c.12MastCell.ADAM12","c.12MastCell.THY1","c.12MastCell.WIF1","c.12MastCell.MS4A4A","c.12MastCell.CD163","c.13SmoothMuscleCell.CD14","c.13SmoothMuscleCell.SERPINE1","c.13SmoothMuscleCell.IL13RA1","c.13SmoothMuscleCell.CTGF","c.13SmoothMuscleCell.OSMR","c.13SmoothMuscleCell.THBS1","c.13SmoothMuscleCell.COMP","c.13SmoothMuscleCell.SIGLEC1","c.13SmoothMuscleCell.IFI44","c.13SmoothMuscleCell.CCL2","c.13SmoothMuscleCell.IGFBP3","c.13SmoothMuscleCell.ADAM12","c.13SmoothMuscleCell.THY1","c.13SmoothMuscleCell.WIF1","c.13SmoothMuscleCell.MS4A4A","c.13SmoothMuscleCell.CD163","c.14Neural.CD14","c.14Neural.SERPINE1","c.14Neural.IL13RA1","c.14Neural.CTGF","c.14Neural.OSMR","c.14Neural.THBS1","c.14Neural.COMP","c.14Neural.SIGLEC1","c.14Neural.IFI44","c.14Neural.CCL2","c.14Neural.IGFBP3","c.14Neural.ADAM12","c.14Neural.THY1","c.14Neural.WIF1","c.14Neural.MS4A4A","c.14Neural.CD163","c.15CA6AQP5SecretoryEpithelial.CD14","c.15CA6AQP5SecretoryEpithelial.SERPINE1","c.15CA6AQP5SecretoryEpithelial.IL13RA1","c.15CA6AQP5SecretoryEpithelial.CTGF","c.15CA6AQP5SecretoryEpithelial.OSMR","c.15CA6AQP5SecretoryEpithelial.THBS1","c.15CA6AQP5SecretoryEpithelial.COMP","c.15CA6AQP5SecretoryEpithelial.SIGLEC1","c.15CA6AQP5SecretoryEpithelial.IFI44","c.15CA6AQP5SecretoryEpithelial.CCL2","c.15CA6AQP5SecretoryEpithelial.IGFBP3","c.15CA6AQP5SecretoryEpithelial.ADAM12","c.15CA6AQP5SecretoryEpithelial.THY1","c.15CA6AQP5SecretoryEpithelial.WIF1","c.15CA6AQP5SecretoryEpithelial.MS4A4A","c.15CA6AQP5SecretoryEpithelial.CD163","c.16MerkelCell.CD14","c.16MerkelCell.SERPINE1","c.16MerkelCell.IL13RA1","c.16MerkelCell.CTGF","c.16MerkelCell.OSMR","c.16MerkelCell.THBS1","c.16MerkelCell.COMP","c.16MerkelCell.SIGLEC1","c.16MerkelCell.IFI44","c.16MerkelCell.CCL2","c.16MerkelCell.IGFBP3","c.16MerkelCell.ADAM12","c.16MerkelCell.THY1","c.16MerkelCell.WIF1","c.16MerkelCell.MS4A4A","c.16MerkelCell.CD163","c.17CD8TCell.CD14","c.17CD8TCell.SERPINE1","c.17CD8TCell.IL13RA1","c.17CD8TCell.CTGF","c.17CD8TCell.OSMR","c.17CD8TCell.THBS1","c.17CD8TCell.COMP","c.17CD8TCell.SIGLEC1","c.17CD8TCell.IFI44","c.17CD8TCell.CCL2","c.17CD8TCell.IGFBP3","c.17CD8TCell.ADAM12","c.17CD8TCell.THY1","c.17CD8TCell.WIF1","c.17CD8TCell.MS4A4A","c.17CD8TCell.CD163"
"1",0.0215660240827734,0.00828274996400516,0.0547042705608537,0.0668649847042773,0.00971794839387327,0.00509109489920085,0.00747987158497804,0,0.0207903239535471,0.348796947296711,0.146458572568951,0.0148474716111777,0,0.00508839631047615,0,0,0.0245988090333185,0.0455375180799159,0.109237298109462,0.462110733569657,0.0391793288876022,0.269448985006212,0,0,0.0566540208408951,1.99710481893457,0.901022476731994,0.0281862566546684,0.0157225586093557,0,0,0,0.249237125747791,0.184541585124344,0.447515573516209,1.6691282250682,0.239548198011286,0.301052041706358,0.00479660230421206,0,0.714991795438352,2.80145687750641,0.41057154217321,0.00116927623438596,0.641622950775173,0,0,0,0.0508006753089139,0.0886447724938201,0.281681905626838,2.23687330280872,0.297481262271095,1.33844946979704,3.55224738239979,0,0.525778485129492,1.18208052133909,0.214325655601631,0.0474135960097298,2.06451160027044,1.69644852834854,0,0,0.0442943098532092,0,0.296486805496677,1.47547439094409,0.227441370270897,0.71920638085192,0,0,0.0862970021400465,4.18447243916078,0,0,0.0443296254606525,0.0224119104784861,0,0,0.1122245237341,0.0966485740203304,0.538094329191563,1.85625413573465,0.378574239006836,0.160017285374396,0,0,0.148113469095708,3.91026766292836,0.608166228255238,0.0208922411868703,1.78114241940757,0,0,0,0.221456457181104,0,0.483707901666839,0.798798301625356,0.596343817831802,0.446243132060855,1.08162772171455,0,0.774784424053486,2.03222758870085,2.5859137323016,0,2.25724664117655,0,0,0,2.22422230020931,0,0,0,0,0,1.32142593400253,0,0,5.84237092318589,0,0,0,0,1.32142593400253,2.22422230020931,0,0,0.368421635246699,1.44853768134144,0.260550549638454,0.359592899107191,1.31557378276032,0,0.0799139810593792,1.30809877446303,2.66848733271764,0.0102667776551521,1.49635303373003,0.545270782853322,0,0,0.866213169669057,0,0.910253231824248,0,0,0,0,0.312182078275589,0,0.163774458167292,0,0,0,0,0,0.270915336992901,0,0,0,0,0,0,0,0,0,0.575756452087738,0,0.154844268939406,0,0,0,0,0.0650589856446,0.0245604134614626,0.13215736945887,0.248835605446825,0.114857024581839,0.0867740011118684,0.0164255656507088,0,0.0213271731381053,0.498829215152604,0.778977037427939,0.0176162618716989,0,0.0691655664801694,0,0,0,0,0,0,0,0,0,0,0,3.752704324937,0,0.155786947577674,0,0,0,0,0.0921960257341238,0.00782417832052778,0.120305996814158,1.4612713660189,0.354648504513883,0.0388202387507395,0.0377401728791542,0,0.0241892757525242,0.619934549183283,0.200708079514891,0,0.0440684856093632,0.0174221345077229,0,0,0.34875326422853,0,0.259469038942162,0.0807496409391906,0.11203143692659,0.658100891934965,0,0,0.446637243790211,2.77290822580561,0.0444691606831391,0,0.284925736542449,0,0,0,0.09725616709428,0,0.207687583125216,0.460332114546664,0,0,0.244399966852074,0,0,0.746001593256243,0,0,0,0.192754472515669,0,0,0.0166124399993246,0.00524877113442177,0.17052057594464,0.572720947608122,0.160294933690793,0.108477892301152,0.232392685949132,0,0.0227458460583391,1.46329985888842,0.0133259781192206,0.023463761575869,0.00788080776806355,1.43102471845313,0,0,0,0,0,0,0,0,0,0,0,0,0,0,0,0,0,0
"2",0.0207280803830765,0.0113547489406986,0.0328617952201308,0.177565942140782,0.122871742912564,0.142919736451654,0,0,0.0200218216212658,0.716723740417857,0.155082689375477,0.0287261033889397,0,0,0,0,0.0203461695146988,0.0378092767473521,0.102151549106743,0.246067581924974,0.0977211476136799,0.331443055463755,0,0,0.0618864164517232,2.53727317905509,0.659591790631772,0,0.00689164080282896,0,0,0,0.140462629770464,0.187070346010007,0.311550145063729,2.08279209678325,0.187388808704762,0.506725270472613,0.00199841187028431,0,0.43624771096692,2.79673091343253,0.239821079302805,0.00209219264409001,0.267622663832314,0,0,0,0.0195654246986716,0.153921185190278,0.377623311536966,2.42388239875763,0.126139403396153,1.08904440372407,3.42616953342847,0,0.287704862330708,1.83373999103879,0.901672690273224,0.0707240067632293,2.16816589287034,0.685693646981733,0,0,0.060635800348476,0.122499690005008,0.394834448030021,1.1008942363166,0.321888460764601,0.572061044386848,0.068908617032534,0,0.166965727530576,4.25225219380121,0.420565023538498,0,0.712991512705173,0,0,0,0.0580597402967206,0.146830008426718,0.434092716072148,1.48809639953891,0.595654837484181,0.24054725571485,0.57223555096999,0,0.232502724273316,4.49796368641886,0.190569780636873,0.00220722040209166,1.63891312319691,0.0596991108930737,0,0.00523467400086415,0.0692511975224626,0,0.436004159475158,1.12614753521206,0.33999217701699,0.115877292370097,0.716141391000965,0,0.131731707677921,2.71114103199113,1.89737783693567,0.0609039201388595,2.14332869035814,0,0,0,2.21845403571325,0,0.325251550798976,0,0,2.63081593636041,0,0.341955266946266,0,2.85156884035385,0,0,0,0,1.69028685732395,1.62388479104595,0.122707293728411,0.0506844688957086,0.318929417438298,1.62890197554914,0.167264207374097,0.405618722882738,2.89422604444262,0,0.21039711839054,0.963914458011318,0,0.15373626559896,2.13269402346362,0,0,0,1.60248617109332,0,0.386796789184553,0.177253529536849,0.177253529536849,2.92610610676272,0.327768399646718,0,0,0.516089705144062,0,0,0,0,0.0710384655939536,0.136138538258892,0.0412633833185045,0,0,0,0,0.552803934271159,0,0,0.0821508767987339,0.254712541569215,0.049116137538377,0,0,0,0,0,0,0,0.0671833270013523,0.0428661546765006,0.0367789745306178,0.0674595858393418,0,0,0.0461315303619339,1.22254846902211,0.0428661546765006,0,0,0,0,0,0,0,0,0,0,0,0,0,0,2.95052264812005,0,0,0,0,0,0,0,0,0.0608549052727672,1.13143404057064,0.512442079131298,0.0763893221521906,0,0,0.0585784690052365,0.991035328595088,0,0,0,0,0,0,0,0,0,0,0,0.351822576290114,0,0,0,2.54048218788135,0,0,0.501457751197404,0,0,0,0,0,0.35951765913217,0,0,0,0,0,0,1.11947706989281,0,0,0,0,0,0,0,0.0177188498686211,0.112886228604032,1.1857082247468,0.26407874715665,0.537869131242729,0.00521863020404487,0,0.0247214259032659,1.25654533099773,0,0.0183803759916549,0.020447766820862,0.247484069117676,0,0,0,0,0,0.258043191638984,0,0,0,0,0,0.0889189944096467,0,0,0,0,0,0
"3",0.0124529834763277,0.00463758907597459,0.0832094784811633,0.139083113482299,0.0195062087524309,0.0410179251357649,0.0134060522807518,0,0.0207630771918383,0.349321940989568,0.155600566032895,0.01129525414074,0.00258082389475712,0,0,0,0.0196436010221211,0.0638902825453657,0.0417621381691894,0.322688461474942,0.144743983228079,0.0580104274004293,0,0,0.0272268042154371,3.14794285361169,0.668039876972395,0,0.0240426826114429,0,0,0,0.223937468850484,0.111800941390244,0.30059776466578,1.67227382822181,0.120093848371809,0.214051266249309,0.010569291487684,0,0.509857328849526,2.98465661754569,0.208242291264027,0.000731382865438534,0.465552179798865,0,0,0,0.0185497940921953,0,0.44205874855536,1.38457877942003,0.173055291800782,0.838243104827404,2.66124834224057,0,0.174228425007614,0.17392067997789,0.0465752760169512,0.433426986898815,1.87769816233534,0.145919485134036,0,0,0.0613504048380647,0.0432545545892234,0.299245927805703,1.65736763021693,0.0241394361034329,1.01710975354585,0.0658652550159105,0,0.00851764885229226,3.86259587679256,0.00844342886411668,0,0.0224034900686894,0,0,0,0.0403853821242118,0.0420242014308024,0.372168098500785,1.24566347881529,0.302379976841999,0.329897723821629,0,0,0.271879354913986,3.22508352340871,0.174144202890865,0.0176927814639964,1.99083083444326,0,0,0,0.0679692459150199,0,0.153099605706864,1.21132194779518,0.274615476511118,0.296170907303128,2.09198333141829,0,0.378123649897347,2.5082299529981,0.998394207426518,0,2.16339328077809,0,0,0,2.52954545487756,0,0,0,0,0,0,0,0.408141228075276,3.84989501744835,0,0,0,0,1.76481973562194,1.26278463746797,0.0476894958781988,0.0685105983779941,0.187472467980262,1.17116141069597,0.022623604534137,0.679833354414334,0.621485587765338,0,0.415578941449869,0.292839992378136,0.92365953989721,0.164040103732343,1.61515891773288,0.272117733791925,0,0,1.50817697304967,0,0.623363917796896,0,0,0,0,0,0.155273095152382,0.3674924500242,0,0,0,0,0.181208413640134,0.603689818417185,0,0,0,0,0.286272395200221,0,0,0,0.680136267416507,0,0,0,0,0,0,0,0.031597536513918,0.0289879702114043,0.0799868925852584,0.173990163824274,0.0374390949078989,0.0271053681621727,0.00663801034780833,0,0.023237214339598,1.58046864043607,0.24371017449039,0,0.0175283180846152,0,0,0,0,0,0,0,0,0,0,0,0,5.77201595385229,0,0,0,0,0,0,0,0,0,2.01549931131782,0,0,0,0,0,3.6171530676231,0,0,0,0,0,0,0,0,0,0.389818394214278,0,0,0,0,0.389818394214278,1.57138491856482,0,0,0,0,0,0,0,0,0,0,0,1.01274777386217,0,0,0,1.25100186304332,0,0,0,0,0,0,0,0,0.109800108067724,0.789999681466206,0.108194212356111,0.270193506390488,0.0316676557328933,0,0,1.68774159299136,0,0.137873494875454,0,0.719814219025102,0,0,0,0,0,0,0,0,0,0,0,0,0,0,0,0,0,0
"4",0.0268395763013733,0.030674921196024,0.213974977833306,0.0661494850106073,0.0800719322998885,0.0645031053584622,0.0656331976451157,0.000641085703122093,0.0371305138137546,0.264640852878868,0.158913343341393,0.020335327351375,0.0748638747768384,0,0.00414082172014987,0.0026655956099708,0.123026653141561,0.167998567829093,0.175831119911886,0.0702502628757774,0.142970631350153,0.234140711572821,0.078288554601196,0.00525493911219951,0.0821828671553529,2.25789034397918,0.737054854753931,0.0292754098200719,0.0665668364325607,0,0.00525493911219951,0.0277433916941408,0.18988746745151,1.03392328326211,0.344531491193957,2.09894584615757,0.206735987922685,0.77301502148803,0.0913052598969965,0,0.403456445396655,1.9419560134819,0.557231772964868,0.0383907104236715,0.48477410880111,0,0.0143187811200336,0.0101765217469682,0.0352714892619791,0.438488728803302,0.378970870217658,2.61638421614645,0.298447170185439,1.47291458882418,3.56142293419965,0,0.403429525289867,1.28909655497215,1.29200260501442,0.191121694877936,2.86950260832774,0,0,0,0.15813278178824,0.189102367716911,0.476544355142132,1.05597079534227,0.504573734898676,1.49297706198843,0.512005685289493,0,0.139250779540922,2.85139623286075,0.0949955689146503,0,0.118765439046059,0,0.0090411706056176,0,0.106525805725171,0.342354868728526,0.395239757875503,1.66371185556633,0.581176416304621,0.574155752894279,0.311069272523523,0,0.161426468389378,2.80596028693026,0.123897958009781,0.086925787609513,1.79971577185049,0,0.0166866529021455,0,0.122920646599734,0.480957910116387,0.317477399831847,1.8555812430313,0.537023438269018,0.279665492616616,2.04774420674146,0,0.379255693903932,1.96093696218084,1.52306441686397,0,2.73398801911963,0,0,0,2.44045459960542,0.117545251203476,0.747804991343305,0.0894715373301641,0,0.141088316176145,0.0325979121060145,0.315560346103511,0.324085007440589,2.30885764516654,0.0250649738801918,0,0.0318945264159138,0,2.00896493774933,1.64031091687778,0,0.356426785577645,0.520794640719856,2.90064664033186,0.167009015804448,0.372845405767161,1.38594059461498,0,0.162985054356363,0.400116544750259,0.223861176487369,0.11813547722334,2.23997763498907,0.319917014656805,0,0,0.856522046890384,0.0222538001014943,0.923935519849655,0.118935232206779,0.00852345687244233,0.403960020342127,0.106735819734489,0.0400189783112788,0.0601936350420014,0.106190493009911,0,0,0.0322713170025811,0,0.209610999596923,0.219798856275864,0,0,0.0487913546746765,0.0575951615112637,0,0.246022430658747,0.0747750522325565,0,0.19613552690789,0,0.0496683121699176,0,0.0800017030605117,0,0.0401637829134433,0,0.0363660105805659,0.0804334880550651,0.157949623554461,0.037303207677487,0.0643557508550456,0.0861941511289908,0.0336813203833051,0,0.030321285518445,0.666037663063878,0.199181891480868,0,0.156171200430844,0,0,0,0,0.269683265366335,0,1.22667441108339,0,0.566765754907191,0,0,0,2.38855088226427,0,0,0,0,0.662226914791496,0,0.0470267761725062,0.445091974564313,0.689046109753186,3.16059317175008,0.485902247345872,0.744371494325629,0.492174945498744,0,0,2.17375980323712,0,0.0695415388092995,0.580069289889505,0,0,0,0,0,0,0,0,0,0,0,0,0,0,0,0,0,0,0,0,0,0,0,0,0,0,0,0,0,0,0,0,0,0,0,0.0195488627087983,0,0,0.556061026468693,0.0320292675381421,0.344470702836821,0.0514520250289009,0,0,0.969567154109242,0,0.101879560682857,0.074784852772698,0.305663867029843,0,0,0,0,0,0,0,0.20920155288545,0,0,0.145839540395634,0.417129048234079,0,0,0,0,0,0
"5",0.0364605361739449,0.00903418593523352,0.0607662329986411,0.0225498549615804,0.0470400824380721,0.0150330891134511,0.0232178687755109,0,0.00973999488213356,0.258386697846658,0.11959126493969,0,0.0197480217099961,0.000368914528533323,0,0.000405149225240774,0.0316416178438032,0.0977549761199123,0.101179522622191,0.05803562682293,0.0866398087406666,0.120218016199359,0.00194280349418763,0,0.0141329723074164,2.57417223364707,0.607421524307689,0.00183450212956626,0,0,0.00294271746116665,0,0.263570131620385,0.27514346256501,0.220041847158313,1.70442374096543,0.143027347220964,0.348528602005997,0.00798700256282675,0,0.563514410622505,2.39753174856506,0.37985542957778,0,0.606148714253476,0,0,0.00572145802905469,0.12205951801853,0.0955276956801799,0.282112433486421,2.37151322128467,0.248546006584729,1.55206019466994,3.31862190573773,0,0.396241762311988,1.5832437591607,0.766467565199377,0.181098303871638,2.36964863377016,0.499073864509444,0,0,0.0597275806115511,0.00575191571075656,0.306762740802744,1.27821914916019,0.176997640471911,0.749664689245793,0,0,0.014695125648338,3.8198240698896,0.0401962503237504,0,0.0614672312339468,0,0,0,0.0395621213100449,0.0236737386546243,0.164424952420198,1.36188178112527,0.277261270560039,0.0684503098971269,0,0,0.167103993077646,3.83224973619658,0.104346523372863,0,1.70162910041991,0,0,0,0.138909955868568,0.00820524829764212,0.357192288365821,1.07034732874229,0.459512754392365,0.0921858732932974,0.874163728016253,0,0.149224343564464,2.1157588382978,2.36141729898838,0.0343932565587565,2.40146656799868,0,0.0123218456448535,0,2.43189934475435,0,0.679475298232505,0.317314813393625,0,0,0,0.456540010617508,0.44470109420355,4.01165266577909,0.223878344560096,0,0.0635489363131589,0,1.7599568990951,1.3202096576346,0.485366888058639,0.0385187385149042,0.223282603128157,1.64370793419217,0.0741807639237313,0.560834137565555,2.02183260219828,0,0.394925856601647,0.586246196104729,0.0644933973868784,0.125535045393124,2.30079066622284,0.0418912927336295,0,0,0.653545110877038,0.0192162097519979,0.500286508406763,0.0747438793160832,0,0,0,0,0.108469674612881,0.224772697576969,0.190216838055037,0,0,0,0.0903433615847471,0.174767699218547,0,0,0,0.133661877339675,0,0,0,0,0.168044551501598,0.208374661057599,0,0.133661877339675,0,0,0,0,0.0374354701812353,0.0323093429598492,0.042539690178703,0.0827473399639598,0.0207086813031728,0.0224603111260335,0,0,0.0158565576756137,1.41158822993585,0.157322763854707,0,0.0521330199155894,0,0,0,0,0,0,0,0,0,0.14124626172619,0,0.462797880744084,2.30264220756232,0,0,0.543196422908013,0,0,0,0.0320785006205431,0,0.171972824410037,0.690886659040798,0.300871376394629,0.0157688200313671,0,0,0,0.699417668559263,0.0157688200313671,0,0.0686022395460478,0,0,0,0,0,0.46159597551715,1.74060882209316,1.195499943026,0.207671100414626,0,0,0.967944885906697,1.67283690847539,0,0,0,0,0,0,0,0,0,1.74755455942627,0,0.799370342760571,0,0,0.799370342760571,0,0,0,0,0,0,0,0.0469011858593431,0.0936166724213531,0.0829337205281764,0.240481622270785,0.0706231548015623,0.148362949045459,0.372893968817754,0,0.00301166584702481,1.91236368612568,0.00122177591019202,0.0013473909547079,0.00422402098685796,0,0,0,0,0,0,0,0,0.690656519247493,0,0,0,0,0,0,0,0,0,0
"6",0.00991580322283187,0.0365305160053891,0.0599487166983698,0.0173184651096237,0.0436907157429339,0.0166685660250167,0.00818457631560862,0,0.037679465627559,0.214274420211377,0.0526466204898977,0.000273030536885098,0.00955567166112032,0,0,0,0.0140790759346555,0.0804979173502652,0.0766158294516416,0.128147374219604,0.113931769722463,0.172988718595734,0.00445181793319012,0,0.0458520861332709,2.06370787663824,0.30863986964673,0,0.00561073771513754,0,0,0,0.148962680594238,1.18490319299824,0.342809422557906,1.55902119067732,0.145454869264461,0.367407588095876,0.00295825013227142,0,0.396488953281922,2.3751951624076,0.775824965341393,0,0.198646659080375,0,0,0,0.0558529856542813,0.269262300530701,0.180704785321911,1.94096918565338,0.337293343276723,1.21789795078782,3.14751220214302,0,0.451771070333558,0.801904768201275,0.529992840900467,0.0482788942558257,2.10970261729232,0.62113576042744,0,0,0.0276098552894083,0.0352505639548736,0.0866364119732562,1.0231509620849,0.167696700068913,0.672727426117704,0,0,0.0101472719859496,3.68579047411975,0,0,0.0768773623803164,0,0,0,0.0798075675660986,0.220890683796335,0.231345127451944,1.38166742782764,0.229252744086977,0.0792468262594889,0,0,0.154980560600374,3.63076601042351,0.245184989872484,0,1.40650656197863,0.0273567720284445,0,0,0.0295337749079116,0.0277926901214466,0.212738953523253,1.11886404493944,0.286781852115292,0.0808338282105477,0.978464001848113,0,0.300803330371721,1.71440280213056,2.22303375205292,0,1.81831482210307,0,0,0,1.34796848974108,0,0.713685669744152,0.351872607948157,0,0.115859453704504,0,0.0689395793661789,0.600474261110035,2.30006880783947,0,0,0,0,1.40098936102659,1.72003123750246,0.0835193678002262,0.238179249813986,0.142751094357423,1.90531668093444,0.13475501855266,0.403518045055415,1.28035819775616,0,0.302235505033239,0.458266364925164,0.718141365223433,0.293474550470432,1.66855821396034,0.0519273540690118,0,0,0.126206780093122,0.063963688863742,0.646091743509592,0.333841730319587,0,0.366570620136969,0,0.123584893043038,0.197949943705494,0,0,0,0.063963688863742,0,0.123584893043038,0.0424198575413655,0,0.15025882517235,0,0,0,0,0,0,0.0961058633549389,0.349127263797778,0.252271470694862,0,0,0,0,0,0.11298852960035,0.0591281119054521,0.0177786058475076,0.0136896481157501,0.0768418085381026,0.130355097884511,0,0,0.131213913968293,0.587141919862414,0.137179918789922,0.0129096832184588,0,0,0,0,0,0,0,0,0,0,0,0,0,1.84987444190077,0,0,0,0,0,0,0,0,0.0699953294042633,1.35915042922976,0.649054538511334,0.244172079541747,0,0,0,1.41110309697142,0.361178111899003,0,0.527935836033863,0,0,0,0,0,0,0.233002433073284,0,0,0.370869697059847,0,1.24045579049648,1.01007613374647,0,0,0,0,0,0,0,0,0,0,0,0,0,0,0,0,0,0,0,0,0,0,0.00219638291462559,0.0916792595061503,0.0471327316863969,0.00721206728316918,0.0487220723073171,0.197818548238673,0.170322734458352,0,0.0168004864624313,0.493871718002321,0.0243776857994891,0,0.0251532911270429,0,0,0,0,0,0,0,0,0,0,0,0.246007299067824,0.380799061171719,0.280057735088223,0,0,0,0,0
"7",0.0265801175181975,0,0.0669945691971801,0.164452983450014,0.0357298142931626,0.0158329701927706,0.197549404823835,0,0.00685490563099411,0.182566465006472,0.0431219664028404,0.0132570063255324,0.0491484280022216,0.0341883603706008,0,0.0047219546309332,0,0.0896953330032923,0.172844062730815,0.233259583950402,0,0,0.135081096408993,0,0,1.83833959717326,0.561833499792196,0,0,0,0,0,0.335310947371422,0.082503616151917,0.3489172022688,2.23640831989794,0.13718026472833,0.323466788884631,0.385495180995244,0,0.525151596062085,2.79426728463389,0.360911243323266,0,0.30931649863653,0.00246154206779535,0,0,0.0797219916879324,0.0457540143213972,0.326270944017156,1.91920816438488,0.0777087653099458,0.568997827489845,3.43599475055478,0,0.275806242738317,0.368486859746133,0.283977056903923,0.020148652382551,2.07902926236243,1.31439593480285,0.00518711027862543,0.00699534446265028,0.106770090765992,0,0.385306301433717,1.26887606234897,0.0597569039949912,0.789297126093858,0.18154686488879,0,0.0818469164096165,4.48739317186269,0.0355959980841452,0,0.110669812584629,0.0164335214099458,0,0,0.379543847023608,0,0.391082661397527,1.48378006951561,0.261775937998921,0.0787423624622346,0.378566169462543,0,0.298682079710757,4.3076057723317,0.216803122548822,0,1.44285010348731,0,0,0,0.104436369036204,0,0.409718452814458,1.53983783326479,0.421688971699597,0.0932759296061386,1.37618340333742,0,0.258245196835819,2.05975685747522,1.99542506120496,0,1.76934251757336,0.0272297555881692,0.0312160866005517,0,2.01417449837355,0,0.336327382545509,0.0654998581391338,0,0.033453753196566,0.155297151657562,0.480258765050407,0.115449273010539,3.68831846352402,0.064117947462264,0.0337156799177425,0.110516099035668,0,1.76954034102641,1.25967856093555,0.257655733397606,0.0205964123497104,0.284886037933141,2.04789868921064,0.0644024515438428,0.67983628320148,1.22170662451469,0,0.303004405501487,1.7400097975942,0.556470862212071,0.0430920063110116,1.83844692141437,0.0515909711502359,0.0116664295542986,0,0.620808232830667,0.0311561385330389,0.82290181246275,0.0380995005571817,0,0.235633316672247,0.235889253234579,0.0262592548501138,0.195222849954483,0.191077710395634,0.0169858348863667,0,0.0165976159172867,0.0649831746436654,0.150894015046376,0.289406736409542,0.0276952366691241,0,0,0.0850038707354873,0,0,0.0727652054209059,0,0.268931503889103,0.191143130459292,0.0717931898192708,0.330597863951373,0.0432422548707364,0.0443697009298706,0,0,0.0828707538617219,0,0.0339729661781542,0.00848696920589591,0.0575539432440946,0.0303055525765819,0.128571103306527,0,0.00848696920589591,0.472451768384701,0.221698859011768,0,0.00948352624035307,0.0123702103380174,0,0,0,0,0,0,0,0,1.59050990254858,0,0,2.94837401055386,3.59876481621254,0,0,0.559401586370932,0,0,0,0.0212798888349545,0.0629851593051792,1.63518607689522,0.110552430687373,0.0981551720571688,0.420592284060509,0,0.0288017604577644,0.409764241785756,0.219384942709827,0,0.109882615025378,0,0,0,0,0,0.0733864361929022,0.638971602429051,0.183736429057456,0.33493515046514,0,0,0.581384889128454,1.65046542677871,0.0891983652861338,0,0.656022231125372,0,0,0,0,0,0.484596103090368,0,0,0,0,0,0,1.13115730114307,0,0,0,0,0,0,0,0,0.0911034731947938,0.562182198907411,0.0437703025107911,0.0523406995435481,0.0965850309282448,0,0,0.427301165842706,0.0772638581697288,0.13938440770144,0.0159545943843174,0.667821649642889,0,0,0.253964447797965,0,0,0,0,0,0.231765637657839,0,0.223614547479789,0,0,0,0.107388862232082,0,0,0
"8",0.0513428561491463,0.018765465809271,0.114929016946924,0.0464567768766981,0.090223549490497,0.0823800886137812,0.212413699108613,0.00389770471787278,0.107685405659314,0.501972796023378,0.0822616531986091,0.00295321228974249,0.112902516322883,0,0.00735345835233126,0.00433940731846873,0.0454311004691769,0.069735525667778,0.136261296240072,0.0896836384194956,0.175627880680007,0.230011876498532,0.156884206104197,0,0.0785940814025456,3.18744768956719,0.35121891640303,0.00214016257886773,0.0859099507045143,0,0.0239065686515759,0.00224445573609348,0.168634458587068,0.471418993470314,0.326944006005853,1.94971337347889,0.281398219365986,0.589604751817275,0.119497311089361,0,0.792100476352819,2.33787335132952,0.270392317988022,0,0.469123777416642,0,0.00146254022460517,0,0.0309506470971696,0.223448244438604,0.34833058867975,2.34241060815377,0.46379804358156,1.66962254157323,3.60144847316406,0,0.543625610208989,2.36276553440777,0.541031557157644,0.111546119239998,3.1513786757318,0.0108380075583814,0.0050033386189864,0.00266256008933625,0.0550683583322102,0.0515195514101487,0.211499537556885,1.21889789170282,0.544996616229671,1.48553834580028,0.290067704584005,0,0.0877344503780634,3.52486945250297,0,0,0.117079851249006,0,0,0,0.217945984787935,0.0462002294713961,0.280033033640291,0.880850099453412,0.595339919933809,0.215061855627076,0.827155361249516,0,0.258877873000817,3.62762772490333,0.097274700460319,0,2.07068089682853,0,0,0,0.13472384422195,0.165527582854993,0.360681350809481,1.19231901548116,0.701793403487395,0.263305463287856,1.23222840417868,0.00485857666890078,0.318570466229945,2.2582047948532,1.43199789112253,0.0252224455748996,2.77270460350127,0,0.0067015790282351,0.0034570387171571,2.22000050431181,0.0338373737523715,0.708216788299552,0.0879836738922566,0,0.311266700040251,0.288982545767324,0.749057507253962,0.374265938119222,3.64055288634379,0.0567721536613291,0,0.309005432639884,0,1.81352257257557,1.58239116827551,0.132342778933215,0.028123724040379,0.15975016716443,2.04448919757815,0.236695041119135,0.551514247847438,1.19902676957068,0,0.436203545954528,1.3576899947028,0.0511618461324099,0.134040685493073,2.47193901723214,0.00631127960360236,0.00682172765036283,0,1.47997389673474,0.0245681214900503,0.713900350432199,0.00742836745574899,0,1.28063204678346,0.147911214413125,0.0865386802490847,0.263384681080839,0.696451195353196,0.0120806659971401,0.0107639147025726,0.0546355998425884,0,0.418611541227866,0.486414470628373,0.0130013961524055,0,0,0.0709145746728864,0,0.124099988300676,0.110594547391401,0,0.306520392243417,0.310514477558907,0.0397785498355029,0.0586237755836459,0.0828931300445698,0,0,0,0.0727483130523949,0.07344300075556,0.0774554645997857,0.0348274232409027,0.119792693284516,0.155768132386994,0.146571667851949,0,0.142937578461157,1.44010198531175,0.282279614229304,0.00138999724920658,0.112895700511572,0,0.00423272097095704,0,0,0,0,0,0,0.59746298437387,0,0,0,2.3824496679076,0.403161780522875,0,0,0,0,0,0,0,0.787257865569133,0.890351730969153,0.95061547441523,0,2.26430227536865,0,0,1.44318322591376,0,0,0.214000778422689,0,0,0,0,0.210452092315862,1.2011568516163,0.580748354690994,0.480386847267201,0.791528245829641,0,0,0.962856111379641,2.88504779968684,0,0,0.0274139222793655,0,0,0,0.544125394201031,0,0,0.23929296061931,0.380859792190957,0.091090359181331,0.230767209147929,0,0,1.08581910440256,0,0,0,0,0,0,0.036890699851224,0,0.0623805777874313,0.125345755138851,0.129048774634154,0.276845815874595,0.146886534237924,0,0.0248871447230578,0.633194698427957,0,0,0.284101644498831,0.0476962122174915,0,0,0,0,0,0.0874930457400039,0,0.071732291990788,0.046358672500405,0,0.306803713806492,0.341948340526659,0,0,0,0,0,0
"9",0.0534622919447285,0.0601311701950712,0.089713470433621,0.123298353294956,0.0840595330466752,0.0618972167082784,0.54090105593082,0.00837393981153303,0.0703117689941506,0.408528288057295,0.0742292077479266,0.0126541039726608,0.0362306229205528,0,0,0,0.0725939583589551,0.310553018447385,0.519084816024906,0.157899645043023,0.0725939583589551,0.678765157456494,0.461049946080711,0,0,2.51810509894685,0.287763828533582,0.0625070655758693,0.0483840346447565,0,0,0,0.253757136440763,0.652814001331738,0.323932535925019,2.12271037087646,0.285589417016067,0.762912429570606,0.59867053868147,0.0024107434350834,0.383574715048792,1.54708644652225,0.514509031622868,0.000899385780179245,0.454201694491419,0,0.00881279158354,0.00455006415696052,0.0448609506336661,0.890834676459116,0.273151445929781,2.53644119669503,0.241782681929624,2.29022464812547,4.39613487327361,0.00479252007675348,0.24659658302782,1.58350744675394,2.10328002409105,0.213529583193562,2.85661352483892,0.0832671727015746,0.00846002393202608,0.00226415782930806,0.217372682658727,0.0493627325170793,0.387503949299917,0.745754441866295,0.340911415625975,1.01592038483689,0.546928581855786,0,0.0510619056238189,3.5987455626379,0.0622196737229293,0,0.167509068723906,0,0,0,0.197539217186667,0.101024323246765,0.314899587952106,1.35441448923237,0.710688244342579,0.228007002505812,0.628040636463619,0.0129932704734276,0.179056171859725,3.57876903042875,0.200565342276639,0.00280158921185769,1.89235750245536,0,0.0661011936218509,0,0.0897077212740524,0.351956780948074,0.299646633868389,1.93192835009416,0.574000082717859,0.682404655085324,2.95844853412369,0,0.312418807877478,2.5223046617551,1.35850238678758,0.0725341196340797,2.88560388460614,0,0.0153352470829792,0.0254454081703899,2.12940060770927,0.0264844031880898,0.547938877129631,0.253749746718766,0.031481411402081,0.294335806390423,0.808166387560317,0.559678159328119,0.253216481632419,3.96589321284154,0.116665384583065,0.00535744458995771,0.250014636763,0,1.73139104608103,1.58127861110089,0.215155691081666,0.0968237662861788,0.417502590361112,1.43947644547661,0.27487735319143,0.438637063485292,2.44956269800972,0,0.257185311151402,1.24746247749978,0.109942853839158,0.110219762612853,2.07085097098423,0,0.0210879249739084,0.0159747806077344,1.70675292573851,0.022363523701725,0.804701248712152,0.120561735793638,0.00545396796354059,0.702480507311776,0.557316727972749,0.105768922148494,0.182877324988975,0.789502041299231,0.037960011051224,0.00699967299725127,0.136775316477437,0.00617780137958392,0.308128583529899,0.370999564801412,0.0640896669584189,0,0.0347723546237369,0.0522195211286129,0.032820558508489,0.364978832034017,0.677460309191575,0,0.269377190890475,0.287762553021908,0.12360761039901,0.0456971333792262,0.203920474346781,0,0.0156918080921677,0,0.0988242424948052,0.456728640678776,0.110228108421208,0.704762157337959,0.108102931780775,0.760956196312064,2.73324352652203,0,0.302560840029796,2.06630123513808,0.984149779513004,0.109575419646417,2.0094442377423,0,0,0,0.518185760899038,0,0.270042283105873,0.531601840465895,0,0.719050699665115,0.981881856485822,0,0.309651510863347,3.637408028683,0.207593221225644,0.135255428292981,0.717546036628084,0,0,0,0.0173034688429716,0.0566936841369082,0.316577072120807,1.24607806881249,0.292231813770673,0.436931132397466,1.27005618362882,0,0.106862104922219,0.509129106178241,0.0772149328813487,0.0243882647028876,0.296659098989963,0,0,0,0.058651125515974,0.102859578471003,0.0943923017612885,0.811149104992998,0.0869780564291748,0.0635908966238104,1.26368744386021,0,0.201787986536157,2.61320523213186,0.00623065844818455,0.0185767076644097,0.989097292121276,0,0,0,0.35828898228794,0,0,0,0,0,0.20504725075512,0,0,1.0693583257856,0,0,0,0,0,0,0.0940539687455684,0.096663133488256,0.107618806498118,0.349710975161718,0.103012478983246,0.542366318660312,0.662952114412446,0,0.0119147740533071,1.0069801088145,0.0890234558227369,0.0091689673506397,0.0477962599950702,0.294892717771728,0.0254394473291932,0.00268356902693171,0,0.0372854785369243,0,0.197711319909138,0.0171695722488766,0.0927371040953637,0.74373819971593,0,0.184311531332915,0.430620254887981,0.102723919201385,0,0.243284686086083,0,0.0403632099748289,0
"10",0.0256675258778551,0.00171264983294898,0.0874646765711992,0.0217821238968614,0.0315500324326923,0.0171364963256951,0.0488610551101354,0,0.0337529384334339,0.183393719448023,0.086259043447704,0,0.0543919829078307,0,0,0,0.0264448900101964,0.0745254901310784,0.0577449906579405,0.0796043319220056,0.0635836645998852,0.111464040833249,0.0678117338203714,0,0.0710442426882921,1.89761963309185,0.559747278294127,0,0.0315316292389655,0,0.000458096984300759,0,0.139804861630129,0.169945012555062,0.263391758199018,1.78915681957414,0.235372570402512,0.263648381949713,0.0528529575341626,0,0.521824658201317,2.78317769890403,0.374059823277456,0.0816993966381809,0.512485398676865,0,0,0,0.0252159716981021,0.136042244720771,0.387019806651249,2.32331563390094,0.137586842250094,1.3927875480987,3.23993548548566,0.00902978177637485,0.417965334828738,0.778574425514867,1.28110168212074,0.172521224091848,2.70211401831367,0.0154402309178644,0,0.00690916336611513,0.0757392700837899,0.0114982783531138,0.225744757034249,0.987108833890029,0.0344065346277721,1.18084186917678,0.0391264786040326,0,0.0593359409052335,4.64210912412179,0.126736068675181,0,0,0,0,0,0.132882593197472,0.0178974413258428,0.159744140544444,1.99287008644026,0.315438604199915,0.344156720959374,0.0355810664227708,0,0.519754718551863,3.98003132231425,0.588494846159968,0,1.46663446407352,0,0,0,0.137412794565338,0.0390044969352534,0.415225036901538,0.957911743237947,0.519614344827061,0.302297392864325,0.970261896177148,0,0.247284603444165,2.47999907034628,2.02844423892189,0.0551123163882182,2.47396169727312,0,0.003846771113312,0,1.93916107620494,0.0255808985381169,0.279758914191476,0,0,0.163478619807832,0,0.43243469160862,0.107743269822518,3.32965924913673,0,0,0.0723405425031718,0,1.43447232633124,1.3820613402019,0.125080809170577,0.0936953537470984,0.198569057031979,1.29042453737266,0.128008735571426,0.30835517048103,1.73698478646052,0,0.447687012493646,1.04358798672568,0.193376850226909,0.115150182887789,2.3355285517791,0,0,0,0.845401608726407,0,0.676995391376771,0.0334844763738984,0,0.00847796073747937,0.0222923733576668,0.203345629379939,0.122856802757305,0.241147176182934,0,0,0.0245165598118608,0,0.0691915101671609,0.15873117776842,0.0381053637720575,0,0,0,0,0.0300798076972113,0,0,0.296172298359271,0.0624945611808889,0,0,0.0435487510514492,0,0,0,0.0388373178741223,0.0193634241497934,0.0536092338414491,0.00670881407852357,0.0693821922053222,0.0309192641522653,0.0272442381183154,0,0.0629413980737775,0.789571444599902,0.296540396890391,0,0.0207653053458601,0,0,0,0.15916617935125,0,0,0,0,0,0,0,0.098777432844479,2.07524104941893,0,0,0,0,0.112265619604193,0,0.0647559178958711,0,0.270428253159264,0.534686836296398,0.227754820732051,0,0,0,0,0,0.571614335947238,0,0,0,0,0,0.140641363326614,0,0,0,0,0.147330831484445,0.518803290028873,0,0.401606266870542,1.71852626079396,0,0,0.405960274697424,0,0,0,0,0,0,1.86080059627647,0,0,0,0,0,2.11453255299505,0,0,0,0,0,0,0.0794224390490246,0.0158361452229251,0.0365844312615086,0.179282630604578,0.0727607164304601,0.119942502956265,0.0228986352988872,0,0.0124158888153136,0.878556907427025,0.00741539073156699,0.0152070989368509,0.0242671639601179,0.0679936754936807,0,0,0,0,0,0,0,0,0.126334807801936,0,0.110855356162523,0.136825082701849,0.0909221159093319,0,0.110855356162523,0,0,0
"11",0.0293886991530821,0.00914270491154883,0.0700652993126373,0.0354473208001378,0.0402078439222591,0.0117330868528211,0.0768348518463915,0.00128453571747754,0.019702175731551,0.147252865544765,0.222667176778841,0.00267400417083512,0.0239119315736015,0.00320366260107608,0,0,0.0302370860549082,0.0667585648358707,0.0765357088207621,0.104977538338808,0.0836568345160051,0.144058388169147,0.0151716334772459,0.000647228895991789,0.0354551361286097,2.04839214544884,0.551608674525181,0.00205384865401779,0.00506475674743151,0,0.00174389698610715,0,0.265641669171137,0.400097164254449,0.152778801830139,2.39848055342131,0.137592634159091,0.459473096225877,0.0457679366728689,0,0.371792529730279,2.45028547409472,0.426501488503725,0,0.344307573336087,0,0.00206727094932164,0,0,0.59745014244217,0.378558835521725,3.19712829458126,0.257030552672024,1.6990591747717,4.22000118931737,0,0.39299018321451,1.32550817937273,1.69629851732671,0.0825363536925772,2.92582016206768,0.776094180527909,0,0,0.107170933787772,0.0933643582734805,0.125835866788447,1.73970315612579,0.277542649188614,1.04859358493137,0.0308530285868458,0,0.0128249470858666,3.52478784915171,0,0,0.0754067248238537,0,0,0,0.251625023446762,0.0385850333328713,0.531711967210286,2.06881665051039,0.527871317267816,0.328207290121546,0.0643930167046258,0,0.0324862090174163,3.6310348871638,0.615289138366286,0,1.98662359782647,0,0,0,0,0.500407527263519,0.446399315110087,1.89465297199686,0.575019283399983,0.166137710846816,2.22362962328766,0,0.107079316298346,1.82766317654997,1.76204557072826,0.0188071622259028,2.56727904399475,0,0.0312018322791639,0,2.10034636006818,0,0.663208781287715,0.0587823756949796,0,0.278343085798363,0,0.376632312641729,0.312350590364887,3.2939311676784,0.0448210105734829,0,0.285231801047181,0,1.72482732998688,1.5358927911307,0,0,0.430639791560667,1.54690864129206,0.131180720548333,0.870556296252657,0.780114789084747,0,0.345230224226846,0.309616017329236,0.926267533762058,0.120657132366122,1.76415223626648,0.0747229255114394,0,0,0.692726253608465,0,0.749596025328724,0,0,1.30359522479122,0,0,0.127882312493969,0.565894188798128,0,0,0,0,0.0435265698732883,0.315674456644209,0,0,0,0,0,0.238314867929606,0,0,0.213843168335918,0.130682860836905,0.173842890037143,0,0,0,0,0,0.00521605630883757,0.0758277831796901,0.0339154959140561,0.0339080418414725,0.0462431052559896,0.097735129141148,0.0194391509745709,0,0.0154919531560948,0.729212567076903,0.342681795360005,0.00440970512992405,0.0255327730799243,0,0,0,0,0,0,0,0,0,0,0,0,2.32375536859605,0,0,0,0,0,0,0.0420895037047999,0,0.20325891066759,1.37182449585878,0.23773854000762,0.746023954371948,1.00953798341016,0,0,1.09754675846607,0,0,0.0420895037047999,0,0,0,0.375035328102346,0,0,0,0.0822967867297556,0.185183214843395,0,0,0,2.12021680569559,0,0,0,0,0,0,0,0,0.905859153164339,0.786195112814589,0,0,0,0,0,0.966072467765882,0.718044732181673,0,0,0,0,0,0.116153239935394,0,0.058066663208909,0.21778247191423,0.0224414964836555,0.0752481724382881,0.0109433629685345,0,0.0134240294170038,0.914214146901221,0.102050877722064,0.00821118405119737,0,0.119446823727263,0,0,0,0,0,0,0,0,0,0,0.791040775409983,0,0,0,0,0,0,0
"12",0.0237994232185306,0.0136578567221538,0.0526363199170872,0.0210556527742892,0.0425783111415122,0.0146814776858042,0.0563653108970462,0,0.0034560576029003,0.18629937226578,0.0183268592391404,0,0.00773842401157549,0.0225815948283717,0,0,0.0675590495276069,0.104703900603981,0.0863321403068822,0.100989117388507,0.0635279425256698,0.0748737497718924,0.0985101539291709,0,0.0567267618358049,1.75312522718169,0.0467211178471791,0.0100665617516256,0.00665501836957799,0.00472727027130275,0,0,0.197438599099852,0.253128308807557,0.204789848145434,1.74823354585361,0.184494448024907,0.264131112530317,0.0165866488796727,0,0.605770639137983,3.08748288924931,0.299757839795359,0.00719899904682215,0.383533733961589,0,0,0,0.0522348412665128,0.267385760510798,0.229955184599302,2.06279790876776,0.131280177917827,0.968863566578496,2.66661814101945,0,0.108506000243656,0.964082809491787,0.817451266825216,0.258000646393615,1.90647518076243,1.33850650804946,0.00735315813586875,0,0.17058096635497,0.0263077014361461,0.213724802286772,0.88268876462717,0.102916716914782,1.26801940097416,0.0144282247830812,0,0.042925370614218,4.0633193699506,0.0107451660276674,0,0.0101437208327381,0,0,0,0.344235593194463,0.0598564335061021,0.31148626605305,1.4623918604398,0.414587969449568,0.715306308630265,0.0827327808663149,0,0.215430469027686,4.48238793907883,0.129757082170695,0.00822013420836875,1.22043528817173,0,0,0,0.343322919483451,0.0329784041956386,0.280266363309747,1.50809834246001,0.348629949523969,0.161931447577949,0.375749489205852,0,0.166391308482265,1.92395606951434,1.2907884657822,0.0182546026348271,2.40620330516776,0,0.0141133651189428,0,1.75841167025141,0,0.442351432615493,0.0623779107121001,0,0.112263847759696,0.0322425535939018,0.448614925901597,0.0386935345406343,3.52197168681047,0,0,0.174021446446941,0,1.67244698802589,1.35971149218615,0.238718568644264,0.0604055635244406,0.106026014062193,1.37722275910466,0.0773085894057358,0.375606992568588,1.13281940601793,0,0.276652748116596,1.11586433266383,1.34529108681445,0.148237951630267,1.53672338546478,0.0745030266338363,0,0,1.41529600369708,0,0.6914808385462,0.0234900355479811,0,0.57695371945618,0,0.155125954184834,0,0.196252820787183,0,0,0,0,0.0416702649315231,0.0823675549087003,0.0411343669916965,0,0,0,0.0506827559766935,0.225035869317081,0.0518756221928056,0,0,0.314876972790159,0,0,0.0306034544442051,0.0448075525788003,0,0,0,0.0588801235835862,0.00677279934009247,0.0473652468693793,0.249745239096964,0.0463156373912446,0.0150748745429658,0,0.0345814651387238,0.418141845832957,0.0339290441267556,0,0.0166848504834936,0,0,0,0,0,0,0,0,0.223484072314626,0.146498764477946,0,0,3.43492471607371,0,0.573214822512701,0.164270590187791,0.176750943775353,0,0,0,0.24820439592789,0.434513795457582,1.46724089245217,0,1.17053094682298,0,0,0,2.78318750171218,0,0,0,0,0,0,0.833372874010891,0,0,1.43147625333501,0,0,0,0,0,1.44764415640819,0,0,0.159969929370407,0,0,0,0,0,0,0,0,0,0.825290859440385,0,0,0.93008413479348,0,0,0,0.314142930308551,0,0,0,0.0147842060453052,0,0.640878716647992,0.0232910933642282,0.215639150003981,0.987194642010147,0,0.0258679710822239,0.733621642767748,0,0,0.0107434711064661,0.00248972061255811,0,0,0,0,0,0,0,0,0.876274525054934,0,0,0,0,0,0,0,0,0
"13",0.0156608182758193,0.000753100373510151,0.0288840583746413,0.0181203321180836,0.0309069956482874,0.0208047927447786,0.00317435361335306,0,0.00285260048398231,0.27962190429275,0.0747863989322323,0,0.0100376332442494,0.00872404268601341,0,0,0.0274387026060607,0.0207195357496387,0.0921114060906095,0.0722768159027067,0.05803189467769,0.0629645571953863,0.0077875281718256,0.0067798601943694,0.000609552622501248,2.76180533191071,0.288708861453274,0.012671218637463,0.0076210006386465,0.00239924778747261,0.00270249983413518,0,0.192088472572776,0.103892964906345,0.284697459477788,1.91263304627917,0.225374452204317,0.269446754792608,0.00581338852329258,0,0.333313630929806,3.04003966047842,0.536194236557218,0.00699975269709137,1.05754645304256,0.0101892591631478,0.0105281326311245,0.00160311114778208,0.0281287179361703,0.0418625282533875,0.232968104588636,1.86822160976402,0.110480142320891,0.658317424207023,3.03528201016013,0,0.157972560637335,1.46835838487363,0.495996639299664,0,1.9961881142526,1.8294042354231,0,0,0.0331810364204004,0.0194468614695228,0.172865939846921,1.01582166362854,0.153132355917812,0.868677729651304,0,0,0.0270211121420859,4.23083221175512,0.0154823902984271,0.0197534165631759,0.0108271630179754,0.0126766260263884,0,0,0.0608884249481369,0.083886455466902,0.401203689083038,2.1189839083481,0.349731041110205,0.14346266750807,0.0288440989010013,0,0.0267841484759307,4.41995087330575,0.0862119421976314,0,2.14978579033637,0.0206653080604192,0,0,0.10659667693358,0.274583854592183,0.336832777234007,1.39130012815497,0.270842533946422,0.227559633448029,0.311067588720797,0,0.180715505871523,2.73593476606252,2.09992038832269,0.0823299112595443,2.54942601658505,0,0,0,2.35759671073002,0.032850148668756,0.408662070940517,0,0,0,0,0.495683362796522,0.582725811638527,2.40495562626734,0,0,0,0,1.90226944525481,0.938689353809886,0.0670661118245542,0,0.0312580145472409,1.32642777492185,0.126954833117451,0.340912118961368,1.68646769861059,0,0.506468194107186,0.404347137676725,0,0.0542037344425083,2.1544972303463,0.0790181780432646,0,0,0.735261243083044,0,0.538990726834104,0,0,0,0,0,0.0597477879275141,0.110170730935071,0,0,0,0,0.328097348573473,0.0597477879275141,0,0,0,0,0,0,0,0,0,0.791731394096433,0.205064128906144,0,0,0,0,0,0.0113144110602219,0.00568510565096504,0.0503413879109932,0.0508388102140462,0.00900677791731066,0.0133081787453953,0.0639976360630575,0,0.0119084529271458,1.05544487604386,0.112480741515745,0,0.00314284904413428,0,0,0,0,0,0,0,0,0,0,0,0,2.45597744559773,0,0,0,0,0,0,0,0,0.650986369735667,0.0691790872255843,0,0,0,0,0,0.276064998987709,0.608417346882628,0,0,0,0,0,0,0,0.0821412200792035,0.177423799642783,0,1.34781411449433,0,0,0.096079988673148,2.08063012788342,0,0,0.44436034467671,0,0,0,0,0,0.422059830185728,0,0,0.217007757386251,0,0,0,0.290458800223508,0,0,0,0,0,0,0.0243164047471294,0.00247606515541304,0.058347417695143,0.361619866490914,0.0598687735364078,0.123389912898888,0.00812352482107895,0,0.00896929743978256,0.800644718288543,0.00568313801294932,0,0.00143999743795611,0.645368091772545,0,0,0,0,0,0,0,0.340719977356917,0,0,0,0.340719977356917,0,0,0,0,0,0
"14",0.0305294415578715,0.010997007703127,0.042128175215272,0.0341232480866813,0.0222347302780441,0.0108854964169194,0.0316091191879827,0,0.0194382200897942,0.209116542707453,0.0255213997857642,0,0.00669225390605474,0.00622755367783823,0,0,0.0241333952275834,0.0623110620591008,0.0582912200363439,0.120229471464746,0.0617595285295699,0.0767767169782366,0.0209730366482408,0.00322914569133314,0.013045140758248,1.7437741160486,0.211361686193365,0,0,0.00161507507088931,0,0,0.455525274962755,0.0251286193635609,0.129666519059685,1.16114657766864,0.0676769578269726,0.186837746675231,0.02957964132241,0,0.553512388244245,3.18193329565856,1.0742717632535,0,0.40721878141603,0,0,0,0.130578131062061,0.072909791182753,0.187049025362816,1.81426114732794,0.0716664568754252,0.660376969557164,2.43088048552124,0,0.235958616003114,0.897072073087845,0.373791903964684,0.0325838026269352,2.12034971035197,1.37155657859397,0,0,0,0,0,1.29037735990492,0.143573014687218,0.908348273234514,0,0,0,3.48676011695377,0,0,0.0186222346557519,0,0,0,0.121828973493734,0,0.364391917009197,0.927018797040478,0.262949589117255,0.0976957482533953,0,0,0,4.68998726030146,0.280154625898205,0,0.952372483606135,0,0,0,0.303063818268953,0.06309130404393,0.377666687851614,1.28722695146166,0.195402979962098,0.109049539989206,0.223044917316331,0,0.101027114421196,2.1614567000189,1.50958200012012,0.00556571186065559,1.95256198008543,0.131773652608486,0.0175848482413324,0.00934932259174547,2.23052991178551,0.0493591043398379,0.452166013344706,0.0666202602268968,0,0,0,0.488877520819705,0.123491191189429,3.83605449570599,0,0,0.16029613503014,0,1.62454194073579,1.3706688687486,0.0937182281662144,0,0.0927306241833232,1.2132081750028,0.159301719466466,0.225445476424193,0.648007140523439,0,0.207639516927957,1.03605406153764,1.33062249563032,0.129921428467456,1.66230848950734,0.283927510921994,0,0,1.02498911842586,0.0325575022468842,0.695156126314897,0,0,0,0,0.0887413959598546,0.0380740221746204,0.195284767073529,0,0,0,0,0.088595004331694,0.443210090592128,0,0,0,0,0,0.168510707695693,0,0,0.183994040239694,0.138110465545355,0,0.157263137584433,0,0,0,0,0.0226318772934965,0.0109264512195598,0.018870236972219,0.050480335294086,0.0240271924250891,0.0571509599174265,0.0451639840662755,0,0.0776455979795824,0.7639365903303,0.117813182638099,0,0.0170779093127686,0,0,0,0,0,0,0.458778327154273,0,0,0,0,0,2.1036496803656,0,0,0,0,0,0,0,0,0.0593012233667201,0.226331548984876,0.0763852211783135,0.593457747198084,0,0,0,0.154336289969997,0.698788970505397,0,0.101299493970316,0,0,0,0.42086999950535,0,0,0,0,0,0,0,0,2.15494507680836,0,0,0,0,0,0,0,0,0,0,0,0,0,0,0,0.636742630306396,0,0,0,0,0,0,0.0119507066701333,0.0050457983635172,0.037667572113095,0.17839031986836,0.13100340474706,0.228874192040411,0.242243230436074,0,0.00275542082605052,0.771992254874095,0.00197498470384132,0,0.00175441473177738,0.132316441760378,0,0,0.258069977069537,0,0,0,0,0.249374050180481,0,0,0,0.195560246921053,0,0.424915065421356,0,0,0,0
"15",0.06837715718,0.0106160004564149,0.0989353961978087,0.0598647922401763,0.0813225921684216,0.0649250048370797,0.0292206205658615,0.000585022094248522,0.00943123582782366,0.562124528556888,0.044681517866693,0.00681949114691975,0.0752265242862184,0,0.00483593404167441,0,0.0217337252981586,0.0521869698625656,0.139740552440148,0.264258521254143,0.0617285525798232,0.280058975970171,0.0211442432653973,0,0.0350964273534684,2.69669593413743,0.090147638275333,0.0154338267151212,0.0857802614014935,0,0.019660127420139,0,0.332985722470841,0.140176567034578,0.349981231914911,2.39689960260527,0.298414584081772,0.443078896254119,0.0575087786473848,0,0.337919655179155,3.23237073679835,0.558151453410385,0.00697274410250051,1.03120096644203,0.010084746195926,0.0019429214818631,0,0.0661794591247836,0.305346529411954,0.449082407920183,1.92105893374614,0.322663447045149,1.13291633334322,3.07862232888632,0,0.203502516394459,1.48770851924828,1.43875034668503,0.147407609692655,2.55015823717738,1.10694783236299,0,0,0.0504839650184239,0.00571644412501469,0.266410306712378,1.35232716097409,0.13351875102491,1.02735867175353,0.0111140904495679,0,0.0455214531465506,4.39080899683302,0.0332046672732732,0,0.0726443014259296,0,0,0,0.199918097546797,0.289811975516691,0.496743048462646,2.58563343097454,0.429774897318745,0.869337589552446,0.0106683609763147,0,0.133916231129645,4.52341779775877,0.401907862717153,0,1.59621011674856,0,0,0,0.0811060446524789,0.0214029779088104,0.399170715494127,1.15562095502103,0.437246210062493,0.108598256108107,1.1230450927257,0,0.200158134532227,2.77401979077899,2.141825681641,0.0227509953511528,2.57481191119184,0.0507567089246641,0.0114917375888131,0.00980592285739768,2.00080303761602,0.0935925363967225,0.496153043110787,0.0649660515105134,0,0.0900465375239559,0.0539857652571347,0.689753628002659,0.26494106332946,3.49082180118888,0.0335780029375052,0,0.187571149200213,0,1.94720767619433,1.33235527975042,0.0863766501941308,0.405079293553282,0.384493482695594,2.35802912018169,0.232161315730362,0.881350780849828,2.88724773645553,0,0.466261654298158,1.33996672224463,0.230506262511135,0.162283457629205,2.05769262837022,0,0,0,0.852838500385449,0,0.666216342675767,0.0728685656300118,0,0.192201793025995,0.0791947407295857,0.24652341523211,0.171921783791134,1.48341704422071,0,0,0,0,0.471950231794706,0.322335387610437,0.0720856143709118,0,0,0,0,0.128101913420119,0,0,0.0318774441401343,0.263986767523194,0.315348208448033,0,0,0,0,0,0.0153871775039504,0.0367194342672343,0.0394288336463986,0.232061231464197,0.058205254202938,0.0631149070420318,0.0223106855844656,0,0.00449619817701624,0.971651981236485,0.105875391274599,0.00442922501903746,0.0195237963324378,0,0.0057835054157154,0,0,0.267110625500885,0,0,0,0,0,0,0,1.64224053452002,0,0,0,0,0,0,0.0808653372988891,0.00500391348549357,0.299740599976593,1.32625783957555,0.25807100176674,0.230467440594276,0,0,0.00500391348549357,1.26640235179574,0.122673592979097,0.0263056770968512,0.236486818808667,0,0,0.0141531557131891,0.785865676226971,0,0,0.169283263642023,0,0.190456891353451,0,0,0.345390390072428,1.29422895861521,0,0.289949932816501,0,0,0,0,0.533955944620435,0,0,0.243562451476588,0,0,0,0,0,0.440682140727648,0,0,0,0,0,0,0.0773301802063309,0.0130814244947398,0.0773513780754534,0.503156483684565,0.142544453454521,0.237538374916714,0.124641011058277,0.00703222942566257,0.0433181533047678,2.24046052826744,0.0420882538855978,0.00452733650033894,0.0571386647047968,0.873185565855372,0,0,0,0,0,0,0,0.461690091751617,0,0,0,0.188798024114062,0.374073351548414,0,0,0,0,0
"16",0.0932482549653284,0.00211210805994923,0.0923456836780113,0.0494840876408823,0.0859663669083599,0.0243822752640624,0.0524049920109571,0,0.279237489575331,0.14194152457999,0.040232830037168,0.00230435237242946,0.0572767771521606,0,0.00131803240035208,0,0.0698065747991351,0.03484642466246,0.103494943881182,0.0907881959562316,0.0913480509346966,0.117846510975272,0.0158940342357534,0,0.204129500461215,2.5320802056621,0.309321268795669,0.0053502173527751,0.0173785687128699,0,0,0,0.253765985609657,0.302169558010237,0.326901593187153,2.27273604034438,0.269465131512204,0.352932131727729,0.0185245579531876,0.0023005439427667,0.860467213103846,2.95273657055525,1.0807925556487,0,0.69926861808543,0,0,0,0.0490282878142136,0.117441599273645,0.194967307770761,2.28470270834982,0.17667856966816,1.0406017856493,2.22073873464083,0,0.435778160434669,0.824436288313317,0.780954766534957,0.0367712864538264,2.72085668993008,0.272596236985221,0,0.0150793755581845,0,0.0331393154102635,0.0454640278836969,0.910168404842453,0.171359679840844,0.981091085890942,0,0,0.110390584118835,4.70572226993069,0.261984274119675,0,0,0,0,0,0.273549918078908,0.0120350464767767,0.382635280592107,1.46450169191825,0.51268448676644,0.0586134066679748,0.0083367579852154,0,0.357773132064068,3.82711624021746,0.440373333872073,0,1.78911264080741,0,0,0,0.199058371600547,0.158976021345997,0.251858921361444,1.55611924598282,0.320253275398011,0.10411604009878,0.0293619710478626,0,0.280952408008895,2.79113977479143,1.80361102468502,0.0245293506860613,2.06317402722042,0,0,0,2.43227181161428,0.104882307901439,0.630880204033059,0,0,0.201945738901077,0,1.11463047874777,0.124377523490094,3.62174881146225,0,0,0.122983774262202,0,2.00089961358028,1.72770556870271,0.172509323704649,0.066526031662367,0.215649079906168,1.92345770752449,0.0928349712173632,0.529550027634518,0.608984306608763,0,0.247126288576161,1.4085086248171,0.023484573927495,0,1.86733743801237,0,0,0,0.488318557815047,0.0659826385281694,0.746471122828636,0.0709478750489863,0,0.812294673391761,0.0468206476178644,0.21141839166444,0.101798859779565,0.104176014224854,0,0,0.0465694187028334,0,0.115594218454329,0.231853334565259,0,0,0,0,0,0,0,0,0.309004504548944,0.284537008041775,0.0618243820083389,0,0.0664475531520138,0,0,0,0.0130099382145227,0,0.0709300985693496,0.0177773504508164,0.0517835358295945,0.0318995951842922,0.0216211082056078,0,0.169655035912892,1.19362598943268,0.0745206245112659,0,0,0,0,0,0,0,0,0,0,0,0,0,0,1.22524564591618,0,0,0,0,0,0,0,0.0655740461705496,0,1.95657142538661,0.13853936362466,0,0,0,0,0.155549595220409,0,0,0,0,0,0,0.0158781380022111,0,0.0158781380022111,0.94171533524204,0.098679880190747,0.641635116105432,0,0,0.267996115854281,2.91728288816147,0,0,0.821312825150496,0,0,0,0,0,0,1.45793237384214,0,0,0,1.23139538262589,0,0.974005828485231,0,0,0,0,0,0,0.071917055552942,0.0289390467003468,0,0.427002783429803,0.109294768808047,0.164308889576063,0.510466526673661,0,0.154840649566514,1.8747692219198,0.0506203990202403,0,0,0.226051802971081,0,0,0,0,0,0.355474753301796,0,0.299648910001174,0,0,0.574442935425523,0.214845387619881,0,0,0,0,0,0
"17",0.0692970814500657,0.0256513933046986,0.0385905671511847,0.0385800855594196,0.0772789130187906,0.0445040346507806,0.0240870278386239,0.000690814434103293,0.00259664330549178,0.178427123139835,0.228920240261253,0,0.0239363340248202,0.00665329834920515,0,0,0.353054028962186,0.0502360025223859,0.113524717244164,0.122819211717176,0.206803076305834,0.0898801581039973,0.0257148783490879,0,0.00894949286294416,2.20743943489302,0.408139373190556,0,0.0249455383174399,0,0,0,0.462269014904461,0.0590102693653783,0.247358980572319,2.08839285451392,0.195008271458067,0.101790196995449,0.0212248259107276,0,0.439641397407381,3.09055945972218,0.190076731536405,0.0324708679942654,0.209746691343468,0.009991466928518,0,0,0.222085045515855,0.0694712596430607,0.264888233398747,1.81034641878703,0.178656192377304,1.47387371367303,2.06038239302541,0.00242252405820027,0.187042437668132,1.55640163480283,0.0860833838585367,0.0113720352655991,1.90053704474075,0.815945741346515,0,0.00421355566058274,0.165393465024995,0,0.130637249745728,1.87722278813668,0.28872873254833,1.3648720110846,0.045164873978541,0,0.0210608586413856,4.50012324352118,0.0216999800466359,0,0,0,0,0,0.600936859453522,0,0.330865451324707,1.63428517393887,0.333379607766013,1.06329332135911,0,0,0.193093998986157,4.39173557493247,0.255878796081934,0.0490097193629736,1.1623344198367,0.0139821351997639,0,0,0.424362499111665,0.157750867771562,0.433324492469682,1.86970281884111,0.18245035837437,0.478086594629784,1.1114021109382,0,0.0874961878334337,2.57535667204528,0.736991361363709,0.00867935184385442,2.03634625786184,0.0649123659858582,0,0,1.99970430121039,0.0769373447344258,0.607465619320196,0.140222588544237,0,0.125870128829489,0.0480325912168068,0.730138674848217,0.103784471202361,3.99417541697702,0,0,0.135561681753406,0,1.98974023794193,1.350307802395,0.318685919330976,0.110804991199428,0.183628868694742,2.0927965767722,0.0538004362379181,0.681948897028806,1.36532513360769,0,0.147098238724244,1.80947031275852,0.0384084612915093,0.116721498365545,2.01799385686417,0,0,0,0.49900261884255,0.024532378727343,0.544393386793387,0.0762641614799807,0,0.6077696020459,0.0375999148670184,0,0.0272497909659774,0.254896373404895,0,0,0.00910303753003058,0,0.0620594604080674,0.0742832747683435,0,0,0,0.049890290519813,0,0.29113632352908,0.0341622773504887,0,0.0484010579012309,0.188852886098667,0.118212665025391,0.120341243550331,0.153188555949502,0,0,0,0.0968600904059851,0.037403251653858,0,0,0.0225570336342154,0.0675989341479069,0.0961891065096232,0,0,0.891356450495421,0.258589297070515,0,0,0,0,0,0.130188771127833,0,0,0.260654011937452,0,0,0,0,0,2.49208944062957,0,0.253337010193688,0,0,0.1675872533816,0,0.0283281790707388,0,0.0283281790707388,2.15187546984546,0.0283281790707388,0.947172498824827,0,0,0,2.73585032998949,0.179450937639995,0,0,0,0,0,0.265399168162645,0,0,0.240327307921049,0.454646736040122,1.55760709180384,0,0,0.772651819885821,2.72174641766804,0,0,0,0,0,0,0,0,0,0,0,0,1.64222773525709,0,0,2.07309394873386,0,0,0,0,0,0,0.0727866868289101,0,0.0323579868364072,0.238001580801685,0.10636362983029,0.030356093310988,0.11003564080488,0,0,0.570871997361723,0.09135662188146,0,0.0257009060342298,0.0697930906821456,0,0,0,0,0,0,0.15372329895317,0,0,0,0.0706109159560342,0.278778481462985,0,0,0,0,0,0
"18",0.0634142767644465,0.0125314483987394,0.092726369773357,0.0059290079771628,0.0728739470839384,0.0241276718110293,0.0282001790878719,0,0.149302626948122,0.439668257425697,0.0859016717857867,0,0.00246815223270888,0,0.0133171946269782,0,0.130239094975618,0.0848693100975314,0.146876401994428,0.0912432709401191,0.124978677926876,0.334657396704559,0.0174799796504179,0,0.0834676900363933,2.46392014777379,0.789120566630254,0.00280413456826629,0.00491024801002215,0.0030478118224416,0,0,0.155720115272706,0.219440047030678,0.308044819067711,1.48062848783183,0.168954114470182,0.429758708941018,0.0129418711095171,0,0.399132947067421,2.91860309350396,0.287639304661882,0,0.389069583727592,0,0,0,0,0.281813784441462,0.336552846427782,3.09693467340726,0.164451745249983,1.58757558608823,4.09772587143883,0,0.119385175439907,1.75209054511098,1.66392891165445,0.22622067613979,2.71268127164115,0.102342906343296,0,0,0.492102283612014,0.0405812134524476,0.226504864264398,1.47756968500836,0.247396862642009,1.02065534887551,0.0668375063103511,0,0.0264959676116465,4.61790371783864,0.0354214913244462,0,0,0,0,0,0.145705548835483,0.0853780948939325,0.58117568046634,1.37152385938251,0.638575217555956,0.318976287482586,0.0483756219469978,0,0.246239148385894,4.26800170872627,0.113386072991118,0,1.33210205355932,0,0,0,0.0872889413692697,0.0201632742348852,0.411370075072837,1.93348931471001,0.609264503102082,0.289828127518178,1.60449041668302,0,0.179197371244521,2.29047895407092,1.25265860302854,0,2.5578078081295,0,0,0,2.1492589243895,0,0.374195424662182,0,0,0,0,0.295333897404681,0.325752834158049,4.50635860414973,0,0,0,0,1.49311563645308,0.631213906505268,0.358413267843317,0,0.281774943502492,2.14780751056368,0.0781140367326809,0.931097828861925,1.42737044425215,0,0.0210025571496446,0.796003675565472,0.999991780461913,0,2.08700128156199,0.143419501579494,0,0,0.992391072392604,0,0.509530888621188,0,0,0.991392935940788,0,0,0.0608300954957766,0.263579954320236,0,0,0,0,0,0.0718622498684951,0,0,0,0,0,0.325489182360858,0,0,0.114960736823676,0.16617954963882,0.0418781333414007,0.0572569494728538,0,0,0,0,0.0202414958705356,0.0364578462696294,0.0443523742422039,0.0385705336043253,0.0282694778291934,0.12170891239265,0.0134357170153055,0,0.0375707835382304,0.16690768713485,0.233362527127077,0.00737148992052491,0,0,0.0103350265509496,0,0,0,0,0,0,0,0,0,0,4.46995271048702,0,0.737181798479825,0,0,0.327151707456607,0,0,0,0,1.69855999017124,0.301755450988004,0,0,0,0,0,0,0,0,0,0,0,0,0,0.0390900728900731,1.28331357215123,0.157518046830458,0,0.0617110331567013,0,0.519461086468096,1.4318011600292,0.0617110331567013,0.0390900728900731,0.809364531449498,0,0,0,0,0,0,0,0,0,0,0,0,1.06138077407076,0,0,0,0,0,0,0.108216654470653,0.0847175364909685,0.123669486993968,0.308643168821837,0.180443090563393,0.288217573875477,0.0209438756808635,0,0.0210729308291315,1.80242064400151,0,0,0,0.0490698539072167,0,0,0,0,0,0,0,0.172037962229885,0,0,0,0,0,0,0,0,0,0
"19",0.00221508170742463,0,0.00540015266268038,0.0806472416969854,0.0625192905679594,0.041562149316205,0.160020470198348,0,0,0.490141030526257,0.150323804227792,0,0.0382127131434381,0,0,0,0.00968146172053353,0,0.130969615367288,0.298588909196203,0.125521244910625,0.186549032442875,0.112671693345858,0,0,3.42154056142883,0.233531767566798,0,0,0,0,0,0.122296027241527,0.143085482526954,0.336297042581097,2.2549398506925,0.227579207680857,0.270382877868166,0.0483025926318289,0,0.491859346779774,3.09173911967045,0.651140000474868,0.00420053603646033,0.604986816078411,0.00372100209232121,0.0036171775122407,0.00495908785392204,0.0117575940610916,0.41013593621465,0.29851524343561,2.56212971233113,0.282854520092547,1.36069536183638,3.81694697013479,0.00589155384883626,0.327688884256767,1.60058875877082,1.05522278181662,0.478580455325633,2.42584445777175,0.912964397243735,0,0,0.0167301000031514,0,0.343606742999652,1.02034673775577,0.273565104158026,1.09173872213644,0.056052189098299,0,0.0937065189609443,4.22650766228511,0.0372943883838417,0,0.0148157442867531,0,0,0,0.0443093592535206,0,0.229973572014086,1.84118084333917,0.535741412004197,0.168650434374214,0.054821495579773,0,0.159295040613954,4.25605627022437,0.0375164266018744,0.0850114843853294,1.66368484572556,0,0.042830898161375,0,0.113402522249345,0.0640953902690001,0.57108384882173,1.43177709564657,0.275072650983838,0.0590255206635543,0.256764594945801,0,0.0924394619997464,2.58993457379528,1.59749994921851,0.0265982456017144,2.14824160320293,0,0,0,2.12285742977465,0.0245576832499334,0.477441210151541,0,0,0.0591257294708955,0.0245576832499334,0.837775048811863,0.206067210203629,3.9299544071132,0,0,0,0,1.98132005254187,1.73290006730329,0.107966575017756,0.0124817517013665,0.333383498025383,1.56722063012418,0.191409700243077,0.579608292797757,0.69371419803107,0,0.321962583806881,0.942895263261549,0.0521890648748543,0.018673077493311,1.89551544854019,0,0.0124817517013665,0,0.815490430997347,0.0132926768340158,0.558236335252029,0,0,0.534600014441852,0.0763525594114889,0.0226924043098476,0.012644791353525,0.853265103479295,0,0,0.0226924043098476,0,0.195292360658083,0.0789598086762538,0.0151617984065889,0.0195080558592695,0,0.0715090668101396,0,0.21839183558556,0.0854177897255073,0,0.0935463521836327,0.288260317178312,0.019373317517264,0.0456780523327225,0,0,0,0,0.0780786912770265,0.0246317871896654,0.0108552179937278,0.11271042556677,0.0405190211946831,0.0364153134873619,0.00652371228290617,0,0.0516611383161178,2.0001783822313,0.0612435367352046,0,0.0108552179937278,0,0,0,0,0,0,0,0,0,0,0,0.307273081928951,5.05377725444907,0,0,0,0,0,0,0,0,0.0849623399485522,1.03499172218522,0.517389551265487,0.284449687644906,0,0,0.149236619719364,2.07244248121826,0.0536474078707282,0,0.0271834163486948,0,0,0,0.037099132085061,0.037099132085061,0.037099132085061,1.01043916595967,0,0,0,0,0,2.08523528885783,0.328791209407309,0,0.18001790358109,0,0,0,0,0,0,0,0,0,0,0,0,0,0,0,0,0,0,0,0,0,0.104936687916718,0.378431091754799,0.208224508140312,0.067728365236895,0.0407959422898563,0,0.00598398560978547,1.2796294158615,0,0.0475551036135287,0,0.118110735154558,0,0,0.117044643729963,0,0,0,0,0.279913842594105,0,0,0.180890601558222,0.302837479515956,0.25673751949299,0.101346325961335,0,0,0,0
"20",0.0750749406024725,0.00975944646170368,0.0415842092900683,0.0484019715961942,0.0221524000091876,0.0765053383075957,0.164254240131992,0,0.108120337611992,0.184701940817981,0.0400008002722746,0,0.0452482853980817,0,0.00429866909059297,0,0.0706451240974015,0.10626860667716,0.153251103037094,0.165186598526129,0.113775855376335,0.284709060031996,0.102592057090342,0,0.190234412402154,1.94827432854939,0.642726954998805,0.0154553780680622,0.0181230989001375,0,0,0,0.183267933504476,0.297496617861804,0.215982090915712,2.24889121885591,0.149461901924921,0.244867592967587,0.0370098168418882,0,0.936072303177318,3.1607400419982,0.493117165281799,0.0156963440461368,0.425455789359195,0,0,0,0.0546649303431148,0.584626131423361,0.295763218164813,3.04289356783403,0.2358099208966,1.22558874949526,3.72987408606573,0,0.231060760801356,1.22827090509893,0.667052295749752,0.0906795657793303,2.49383607491674,0.131765309820014,0,0.00725861151077342,0.0654368524803699,0.0138346470772685,0.222127853349392,1.0038065759214,0.103979208817558,1.07065652050214,0.0509149159802608,0,0.0372321015536713,4.00309030026279,0.216730987248241,0,0.0207520778210694,0,0.0108157803769741,0.0215158302484042,0.110290977753099,0.191180114244141,0.0779822557784302,2.01370038382495,0.345441480533038,1.44649454352335,0.0904422350880712,0,0.0110673118891067,4.86306547852955,0.320944464044644,0,0.907592281416538,0,0,0,0.129649769050357,0.166459921393123,0.284141145799546,2.11842871486284,0.393200985154883,0.198466770056313,0.852091990087943,0.018123759642128,0.164050075097708,2.56731305664933,1.77325441736857,0.0178470165812323,1.86980150535252,0,0.00910293809207943,0,1.51491078718437,0,0.708891786505127,0.242793696222951,0.0868464978028765,0.804856609570029,0.12891427580834,0.726429863571194,0.27790241642541,2.57418437027627,0,0,0.0816780310142672,0,2.09210032054417,2.00001870595179,0.125094294685327,0.193398157528722,0.194052208250092,2.93811005717041,0.0594366102118204,0.530373839046474,1.71715383184956,0,0.317204734779029,1.72084361683382,0.446318554189262,0.0679775658087021,1.97928215487507,0,0,0,1.08394462388412,0.0515025659646894,0.751931225103254,0.0901427865918981,0,0.91926681904894,0.034288392107422,0.186346922719723,0.209719531882119,1.15592270871681,0,0,0.0519508290667423,0,0,0.658379028434744,0,0,0,0.0611444843204349,0,0.253766914496319,0.256711519498164,0,0.332262687062574,0,0,0,0,0,0,0,0.0565297115500335,0,0.0795732425386389,0.0644695017408252,0.0320584312456696,0.11912137960384,0.204885910030951,0,0.109192350583471,0.417387656034302,0.177427216027965,0,0.0694389026089896,0,0.00657879797053121,0,0,0,0,0.538194154272121,0,0,0,0,0,2.28617784773336,0,0.570979981614327,0,0,0,0,0.0769380260639154,0,0.133697895530925,2.03370126742637,0.342523217320162,0.0765692439161197,0.0220099165940684,0,0.055033244864051,0.614077461507081,0.185380998480231,0,0.0717970797436799,0,0,0,0,0,0,0.602746352805324,0,0.560624677131848,0,0,0.291326561220822,2.51819426645563,0,0,0,0,0,0,0,0,0,0,0,0,0,0,0,0,0,0,0,0,0,0,0.00482748038862342,0.010091113409555,0.0806110325872481,0.706748999405076,0.00457829300808874,0.190234759832172,1.12221502000624,0,0.0278410576275749,0.255524564252235,0.010148571902348,0,0.0671357960524591,0.0560345554405708,0,0,0.340169952875154,0,0,0.295296431009891,0,0.32808447134129,0,0,0.158508838673023,0.184822149453027,0.415604756359317,0,0,0,0,0
"21",0.0273154139293683,0.00651252078703211,0.0854717064600233,0.0203553090678874,0.0697784195441813,0.0195518692911976,0.0209181173498737,0.00310161631817509,0.14201716121771,0.280485775960461,0.154502766238739,0,0.00797333613100315,0,0.010402921366716,0.00155201066157869,0.110728585430043,0.0948539383291113,0.144063371665063,0.0561428386695364,0.181139299766776,0.126513490058829,0.0185860568194126,0,0.153018597585966,3.20644920453495,0.162437185070487,0.0110185678253571,0.0157247371045127,0.0364739061664915,0,0,0.156740430318321,0.186091764257847,0.256622867965649,1.47994822846386,0.178941056675527,0.307472344123337,0.0108310025263849,0,0.539805766200245,2.90298519052049,0.579124421790294,0,0.335842999164959,0,0.0239755820853228,0,0.041743796348002,0.730801399381805,0.28152128469665,2.97208260553324,0.277468297063639,1.36071322024476,3.27611671635389,0,0.298793517397318,2.40903462960888,2.00109701414547,0.355668634583444,2.58667378471253,0.175706391312583,0.0164657765476824,0.00601601105998549,0.0545722924782542,0.0116953558086619,0.233749533145304,1.29189775627652,0.29427887758307,1.4938833685779,0.0138431590881674,0,0.0771232037857861,4.03535081868635,0,0.0131175226480695,0.0609507007160971,0,0,0,0.176892183185758,0.0672173205038437,0.389900076552819,1.59216377660589,0.518516970721506,0.484664916420122,0.0680205862128634,0,0.24826915624122,4.35797567532606,0.259217126218265,0,1.3945660559431,0,0,0,0.143365002605409,0.0695973878233117,0.430678765917671,1.41604712238001,0.445756202482345,0.0886862179994336,0.0281988412080601,0,0.221855828487879,2.30407910143455,1.81866790988466,0.039196216958858,2.82388634897724,0,0,0,2.3231157374428,0,0.552885407627878,0,0,0.129827825344823,0.139271181902411,0.839402808720423,0.217269158891962,3.05760505296735,0.0479469026536569,0.00891979843373734,0.178431030333748,0,2.19518564678064,1.570639023073,0.201156756207338,0.0676619848011844,0.0942585820668913,1.49622634325081,0.116683215472129,0.624830349030886,1.98952223837565,0.0195826666927497,0.310722177230931,2.45032632923749,0.270447519935348,0,2.02564604534715,0.023337083849719,0.0576337957031101,0.0742357634009679,1.20251007885182,0,0.672916511234938,0.0376749145056566,0,0.472052698958215,0,0.0817715882613466,0.055885880467593,0.741573399571625,0,0,0,0,0.188976552415924,0.106852145752577,0.071811307003268,0,0,0.0374100532764372,0.0176220671554367,0.196297904169667,0.229140068307234,0,0.0928417032101459,0.315372132938028,0.109759552359641,0.307429638929995,0,0,0,0,0.0995521078911447,0.0503779094899139,0.13018658382001,0.0908474072608731,0.0817293412226238,0.0476678355105992,0.00499878404635621,0,0.104651095302103,1.66980313146446,0.0945409436981594,0.00342459637685422,0.00917399752771108,0,0,0,0,0,0,0,0,0,0,0,0,3.21117899451513,0,0,0,0,0,0,0.0186564221938912,0.195037689007525,0.107350041762812,1.61748561093817,0.585668941089115,0,0,0,0,0.257663685108245,0,0,0.0222249149242626,0,0,0,0,0,0,0.890678156017429,0,0,0,0,0.616936710916868,2.08010686602229,0,0,0.616936710916868,0,0,0,0,0,0,0,0,0,0,0,0,0,0,0,0,0,0,0,0.0347371629409042,0.0200166976878139,0.0203482816510902,0.567001667103244,0.204989219868606,0.105030107428489,0.145036009960919,0,0.035922749436885,2.11894197803029,0.00414935599914076,0.0110095440863713,0,0.277962370253866,0,0,0,0,0,0,0,0,0,0,0,0,0,0,0,0,0,0
"22",0,0,0.0223898304047113,0.084455394730594,0.0184529997108877,0.0273602080907497,0.156675648907245,0,0,0.0711026738201596,0.10424995123455,0,0.0165324446251219,0.0326820898363155,0,0,0,0.0763897132994993,0.0655684821523819,0.0413647738293148,0.019271389591456,0.0950724513896398,0.0688964707584718,0,0,0.913516659066372,0.445643071816461,0,0.00450092758647704,0.0108710902331192,0,0,0.0960915209648064,0.689973167803439,0.19623220161419,2.16884673495517,0.177849860456106,0.379676881283473,0.151256036910864,0,0.390437844620954,2.88615319558524,0.39869287030707,0,0.102045901849842,0.00241969165378325,0,0,0.0386379733503251,0.158533554655096,0.261512847101111,1.93203033697964,0.191232231564922,1.2245458515234,3.71963685374908,0,0.256815734512529,1.34933608823851,0.27929060545133,0.0240834675655766,1.86442893849861,1.10167241710309,0,0,0,0.0742880793427713,0.173956857450758,1.0847041628266,0.200535311710235,1.42502351361474,0.193546447598269,0,0.0977096536387831,4.22874869169176,0,0,0,0,0,0,0.757840129165454,0.129597415885949,0.264019868943632,0.822457823941474,0.15554898911023,0.109453730178358,0,0,0,5.1336695315931,0.12370275908796,0,1.07344175352481,0,0,0,0.0477674657135477,0.0556150938727115,0.321330170407171,1.13375439492627,0.418531030992187,0.323374717192664,1.02274389224612,0,0.285728252943655,2.52097726376587,1.50614550415746,0.00612271301443447,1.49481698401478,0.0295685330745459,0,0,1.29943723177421,0.0376434264587319,0.601739991868551,0,0,0.0872212763079149,0.422423677368223,0.541713392996162,0,4.54599487841883,0,0,0.0225948274391267,0,1.69449501554746,1.68103290232918,0.0821815884576508,0.0280417777669002,0.177335517008022,1.9306497401166,0.0739770946116219,0.621256413127071,2.12326225082257,0,0.204563376618784,0.563857317901987,0.307588408141547,0.00607865068451038,1.83079124786038,0.14690668486146,0,0,0.648999044238525,0,0.911191226761941,0,0,0.936654284169701,0.310713473461927,0.106141284670332,0.145521003613811,1.5360385386566,0,0,0.0872270621630216,0,0.170076053741905,0.416798330407337,0,0.0298318550915189,0.0192794894698876,0,0,0.197824294967912,0.0844374298896386,0,0.0837045959559619,0.0596376518009255,0.135070565462011,0,0.140416724899368,0,0,0,0,0,0.0225054789007006,0.117792036954206,0,0,0.0225054789007006,0,0,0.239456330485558,0.258928776482619,0,0,0,0,0,0,0,0,0.180527702782432,0,0.172257802459686,0.39650205254133,0,0,3.01708384629758,0.0943312553912429,0.153403654459447,0,0,0.271338345255539,0,0,0,0.13652573482895,0.725103169367804,0.411085373106927,0,0.30907883700069,0,0,1.27949140848464,0,0,0,0,0,0,0,0,1.37987435023248,0,0,0.369870703695594,0,0,0,3.06211175406522,0,0,1.30513095401268,0,0,0,0,0,0,0,0,0,0,0,0,0,0,0,0,0,0,0,0,0.0617136998942036,0,0.0692761253431107,0,0.336860682403145,0.829160025621228,0,0,0,0,0,0,0.381963289861696,0,0,0,0,0,0,0,0.198878813507148,0.397472942296423,0,0,0.348499661256871,0,0,0,0.0878914061256465,0,0
"23",0.0476398671557552,0.0106286400249701,0.0867823227430774,0.0148738071751249,0.015492624810507,0.00446389456534687,0.0753291645769787,0,0.160281779919594,0.157387726181511,0.0368675928269776,0,0.0100663777690306,0,0,0,0,0.0752347454066484,0,0,0.200889115557668,0.915888814032279,0.0948631966166608,0,0.58182629687255,1.05727185619572,0.200889115557668,0,0,0,0,0,0.169624543179757,0.394683131683894,0.262877673074819,2.16057880216146,0.24506930209436,0.453789684108033,0.0735053008453236,0,1.19706879438814,2.65391999062621,0.386100699285539,0.00128613907257314,0.517745074466124,0,0,0,0.0362244662660249,0.679902432322263,0.259244098627171,2.49089508551548,0.236845528455651,0.762431552327612,3.39159684820181,0,0.520287718678348,0.795859262527801,1.01613228426659,0.190192805915016,2.53318637584933,0.454188693688484,0.0165538191377596,0,0.143847287755948,0.0339653496815432,0.390895622666712,0.979959207763071,0.328527515814542,0.900747302606978,0.0423887081934884,0,0.288142714985788,3.72271692707679,0,0,0,0.0577504321757988,0,0,0.102097408451591,0.131015840396829,0.339597563607062,0.895841015499187,0.467114113014693,0.379700910462786,0.024156952274397,0,0.763840735413464,4.14338397815298,0.282524664764826,0.0756020575244155,1.99522798476703,0,0,0,0,0.103561747188031,0.141061463100762,1.28916240141423,0.401714622727858,0.154095022952589,2.01645519527506,0,0.507938178183258,1.500064186201,0.928313154044896,0,2.32805457208095,0.0253097336372402,0,0,1.7712808057058,0,1.0025612428215,0,0,0,0,0.889090573026038,1.19554242626016,3.18824782650676,0,0,0,0,1.5229679026905,0.189934184894932,0,0.0436407498276293,0.0773451432967236,1.51209845180963,0.224461921353823,0.678979466723645,2.76252966587074,0,0.52559318590365,0.514241325716396,0,0.0987241714003921,2.07089824737671,0,0,0,0,0,0.459214916123203,0,0,1.23761962191576,0.107502107500483,0.381061687804906,0.45690166179399,0.322971594079294,0,0,0,0,0.400067314660041,0,0,0,0,0.0725060193643969,0,0,0.0553045603508839,0,0.349706676357603,0.219026978588274,0,0,0,0,0,0,0,0.0915132869455804,0,0.413662719006802,0.0218587938124991,0.0935483508595429,0.0253560720679113,0,0.318795274420078,1.23853786334349,0.261559065137164,0,0.0207325763391768,0,0,0,0,0,0,0,0,0,0,0,0,4.39201597502152,0,0,0,0,0,0,0,0,0,2.34977086394644,0.880634280654796,0.582363066053829,0,0,0,2.68849891417563,0,0,0.437122427978856,0.582363066053829,0,0,0,0,0.696368107632354,0,0,0.215776145202842,0,0,0.914030163474939,2.38640049514518,0,0,0.236276550916366,0,0,0,1.12869284258597,0,0,0.201939297730359,0,0.288484318784419,0,0,0,0.704021824034099,0,0,0,0,0,0,0.0696571559311523,0,0.0331771405654621,0.282616375858635,0.0602313606812596,0.0342965565083067,0.231607891186158,0,0.324866926228174,0.594926886007801,0,0,0.17490369441355,0,0,0,0,0,0,0,0,0,0,0,0.330214786907868,0,0,0,0,0,0,0
"24",0.0228299210129685,0.0237862078731282,0.126927170545049,0.0580095320019616,0.0882717632078371,0.0324077493012053,0.0362802981410445,0,0.198425915424619,0.49920224154202,0.266965473787615,0.00246318380888702,0.0172969053773186,0,0,0,0.0160624029668571,0.0889673134467605,0.151218803859576,0.121903066280156,0.0975758758438379,0.177187817171083,0.108110480852721,0,0.200109142946436,2.47012442817208,1.08000403392124,0.0216492033602846,0.00909691004748692,0,0,0,0.13093212384666,0.50097627829356,0.27343260287631,1.8755389959709,0.257157823653375,0.440722123793945,0.0510147555008594,0,0.414121791035081,2.64661990093594,0.781418848548423,0.0501877727076573,0.520203085530236,0,0,0,0.00761131361253969,0.441117313987301,0.310200007482093,2.38147074976058,0.175776401066272,1.62989330770436,3.71548900108157,0,0.505799434245416,1.09779187750537,1.66542263057795,0.062254050417701,2.51139428447738,0,0,0,0.123868457502765,0,0.379580557086191,1.34172697427213,0.613188648054504,0.843118112503007,0,0,0.175856553991118,3.76623311622358,0.132463444742629,0,0.0444988479744663,0,0,0,0.0070733858558017,0.175756480931481,0.227973219439771,1.26932972072211,0.407653754817956,0.194214916437659,0.219784393894298,0,0.604296186202234,3.28017872601503,0.468146256789603,0.067799741307846,1.49126327536886,0,0,0,0.0466895888750253,0.108935937496135,0.32688350294865,1.45320903016805,0.330706120344213,0.377371932941141,1.48594129377685,0,0.46563075577564,2.04417331150367,2.05338184416114,0.016741247556617,2.44627738235954,0,0,0,2.02424819822547,0,0.939656020512697,0,0,0,0.206286727502876,0.410693910101552,0.314739182545055,2.91333482155218,0.0650686754618612,0,0.064976896387507,0,1.46701563595206,1.52726171168743,0,0,0.110389864062828,2.04865476806652,0.163163837053851,0.770745317425388,1.08535739235787,0,0.285063842480432,1.57195919693827,0.832403013460054,0.17633034176543,2.01744779761583,0,0,0,1.05109140805088,0.0814089422655499,0.724600319620185,0.0295905839519309,0,0,0,0.123917925433102,0.252221245501252,0.371754280473876,0,0.104030305453801,0,0,0.105756175613132,0.0995579728821331,0,0,0,0,0,0,0,0,0,0.180017787468315,0.132486080929039,0,0,0,0,0,0.0424965469569394,0.170442916233022,0.0972697806428153,0.0835668300369081,0.0778564988154512,0.0615331918675752,0.0272871204313159,0,0.318827724168848,1.14098404907036,0.832892291291414,0.0320838566267692,0.0135492963087186,0,0,0,0,0,0,0,0,0,0,0,0,2.77352932351699,0,0,0,0,0.605921788437153,0,0,0,0.46813621507094,2.40006099082806,0,0,0,0,0,4.86898095562984,0,0,0.46813621507094,0,0,0,0.132044587303968,0,0,0.520954977927102,0,0.354672088135292,0.132044587303968,0,0.132044587303968,3.3464910207042,0,0,1.25551103870322,0,0,0,0,0,0,0,0,0,0,0,0,0,0,0,0,0,0,0,0,0.238513048645311,0.0309694177943989,0.27086310754704,0.11825245567465,0.301427142676319,0.00545753682358929,0,0.136181333163442,0.712933984781948,1.37699196845758,0.0184506057821978,0,0.790331208278927,0,0,0,0,0,0,0,0.243562451476588,0.433083790085804,0,0,0.243562451476588,0,0,0,0,0,0
