,c.7Macrophage.CCL18,c.7Macrophage.HLADRB5,c.7Macrophage.APOE,c.7Macrophage.FABP4,c.7Macrophage.HMOX1,c.7Macrophage.CCL20,c.7Macrophage.CCL3L1,c.7Macrophage.IFI27,c.7Macrophage.CCL4L2,c.7Macrophage.CCL8,c.7Macrophage.CCL2,c.7Macrophage.APOC1,c.7Macrophage.HSPA6,c.7Macrophage.HBB,c.7Macrophage.CCL13,c.7Macrophage.SPP1,c.7Macrophage.MT2A,c.7Macrophage.BCL2A1,c.7Macrophage.RGS1,c.7Macrophage.PLIN2,c.7Macrophage.LYZ,c.7Macrophage.RPL12,c.7Macrophage.MTRNR2L12,c.7Macrophage.FABP5,c.7Macrophage.PTGDS,c.7Macrophage.BIRC3,c.7Macrophage.G0S2,c.7Macrophage.XIST,c.7Macrophage.IL1B,c.7Macrophage.MTRNR2L8,c.7Macrophage.THBD,c.7Macrophage.HBA2,c.7Macrophage.SOD2,c.7Macrophage.HSPE1,c.7Macrophage.S100A11,c.7Macrophage.GLUL,c.7Macrophage.JUND,c.7Macrophage.RPS4Y1,c.7Macrophage.TNF,c.7Macrophage.CRIP1,c.7Macrophage.HLADQA2,c.7Macrophage.HSPD1,c.7Macrophage.PLTP,c.7Macrophage.HSPB1,c.7Macrophage.PLAU,c.7Macrophage.HLAC,c.7Macrophage.RPS10,c.7Macrophage.CTSZ,c.7Macrophage.S100A9,c.7Macrophage.ATP1B3,c.7Macrophage.HLADRB1,c.7Macrophage.HSPA1B,c.7Macrophage.ARID5B,c.7Macrophage.HLADQA1,c.7Macrophage.HSPH1,c.7Macrophage.LGALS1,c.7Macrophage.GEM,c.7Macrophage.MAT2A,c.7Macrophage.CAPG,c.7Macrophage.SH3BGRL3,c.7Macrophage.RPS7,c.7Macrophage.CD36,c.7Macrophage.SGK1,c.7Macrophage.DUSP2,c.7Macrophage.TWISTNB,c.7Macrophage.THBS1,c.7Macrophage.EMP1,c.7Macrophage.C15orf48,c.7Macrophage.CCL3,c.7Macrophage.MAFB,c.7Macrophage.DNAJB1,c.7Macrophage.CXCR4,c.7Macrophage.KRT14,c.7Macrophage.MTND2,c.7Macrophage.WTAP,c.7Macrophage.CXCL1,c.7Macrophage.ACTG1,c.7Macrophage.INSIG1,c.7Macrophage.HSP90AA1,c.7Macrophage.EREG,c.7Macrophage.RPL22,c.7Macrophage.ISG15,c.7Macrophage.MRPL18,c.7Macrophage.LYVE1,c.7Macrophage.S100A4,c.7Macrophage.ATP6V1F,c.7Macrophage.HLADPA1,c.7Macrophage.DUSP5,c.7Macrophage.ATP1B1,c.7Macrophage.EGR1,c.7Macrophage.F13A1,c.7Macrophage.VIM,c.7Macrophage.ARL4C,c.7Macrophage.HLADQB1,c.7Macrophage.NR4A3,c.7Macrophage.MTND1,c.7Macrophage.RPS26,c.7Macrophage.CCL4,c.7Macrophage.MTND3,c.7Macrophage.RPL36A,c.7Macrophage.TAGAP,c.7Macrophage.NUPR1,c.7Macrophage.SLC40A1,c.7Macrophage.VEGFA,c.7Macrophage.RHOB,c.7Macrophage.FCGR3A,c.7Macrophage.PCF11,c.7Macrophage.RGS2,c.7Macrophage.DDX3Y,c.7Macrophage.EIF4E,c.7Macrophage.SFN,c.7Macrophage.FCGR2B,c.7Macrophage.CEBPD,c.7Macrophage.HSPA1A,c.7Macrophage.EZR,c.7Macrophage.SLC2A3,c.7Macrophage.FOS,c.7Macrophage.HSPA5,c.7Macrophage.ZFAND2A,c.7Macrophage.BAG3,c.7Macrophage.HES1,c.7Macrophage.GPR183,c.7Macrophage.CXCL10,c.7Macrophage.DUSP6,c.7Macrophage.PRNP,c.7Macrophage.AMD1,c.7Macrophage.POLR2L,c.7Macrophage.MIDN,c.7Macrophage.IER5,c.7Macrophage.AC020656.1,c.7Macrophage.RASGEF1B,c.7Macrophage.HNRNPH1,c.7Macrophage.CD52,c.7Macrophage.RGCC,c.7Macrophage.S100A10,c.7Macrophage.CD9,c.7Macrophage.MAP1LC3B,c.7Macrophage.TYMP,c.7Macrophage.MTRNR2L1,c.7Macrophage.FCER1A,c.7Macrophage.S100A8,c.7Macrophage.PPDPF,c.7Macrophage.TREM2,c.7Macrophage.MMP9,c.7Macrophage.LAPTM5,c.7Macrophage.PRDM1,c.7Macrophage.LIPA,c.7Macrophage.HLADPB1,c.7Macrophage.ABL2,c.7Macrophage.MTCO1,c.9MonocyteDCNeutrophil.HLADRB5,c.9MonocyteDCNeutrophil.S100A8,c.9MonocyteDCNeutrophil.S100A9,c.9MonocyteDCNeutrophil.HSPA6,c.9MonocyteDCNeutrophil.CCL3,c.9MonocyteDCNeutrophil.CCL3L1,c.9MonocyteDCNeutrophil.CCL20,c.9MonocyteDCNeutrophil.AC020656.1,c.9MonocyteDCNeutrophil.HLADQA2,c.9MonocyteDCNeutrophil.CCL4,c.9MonocyteDCNeutrophil.RPS4Y1,c.9MonocyteDCNeutrophil.HSPA1B,c.9MonocyteDCNeutrophil.HSPA1A,c.9MonocyteDCNeutrophil.SERPINB2,c.9MonocyteDCNeutrophil.CXCL1,c.9MonocyteDCNeutrophil.HSPB1,c.9MonocyteDCNeutrophil.CCL4L2,c.9MonocyteDCNeutrophil.XIST,c.9MonocyteDCNeutrophil.FOS,c.9MonocyteDCNeutrophil.THBS1,c.9MonocyteDCNeutrophil.HSP90AA1,c.9MonocyteDCNeutrophil.DNAJB1,c.9MonocyteDCNeutrophil.CRIP1,c.9MonocyteDCNeutrophil.CCL17,c.9MonocyteDCNeutrophil.HBB,c.9MonocyteDCNeutrophil.HSPD1,c.9MonocyteDCNeutrophil.JUN,c.9MonocyteDCNeutrophil.HSPE1,c.9MonocyteDCNeutrophil.CXCL3,c.9MonocyteDCNeutrophil.TWISTNB,c.9MonocyteDCNeutrophil.HLADQB2,c.9MonocyteDCNeutrophil.IL23A,c.9MonocyteDCNeutrophil.HSPH1,c.9MonocyteDCNeutrophil.RPS17,c.9MonocyteDCNeutrophil.EREG,c.9MonocyteDCNeutrophil.RPS26,c.9MonocyteDCNeutrophil.RGS1,c.9MonocyteDCNeutrophil.AREG,c.9MonocyteDCNeutrophil.SGK1,c.9MonocyteDCNeutrophil.RPL36A,c.9MonocyteDCNeutrophil.C1QC,c.9MonocyteDCNeutrophil.CCL22,c.9MonocyteDCNeutrophil.HBA2,c.9MonocyteDCNeutrophil.CXCL2,c.9MonocyteDCNeutrophil.MTND1,c.9MonocyteDCNeutrophil.CCR7,c.9MonocyteDCNeutrophil.TNFAIP6,c.9MonocyteDCNeutrophil.MTRNR2L12,c.9MonocyteDCNeutrophil.RPS10,c.9MonocyteDCNeutrophil.S100A12,c.9MonocyteDCNeutrophil.MMP12,c.9MonocyteDCNeutrophil.PTGDS,c.9MonocyteDCNeutrophil.ATF3,c.9MonocyteDCNeutrophil.C1QB,c.9MonocyteDCNeutrophil.MTND3,c.9MonocyteDCNeutrophil.SELENOP,c.9MonocyteDCNeutrophil.HLADRB1,c.9MonocyteDCNeutrophil.MTND2,c.9MonocyteDCNeutrophil.RGS2,c.9MonocyteDCNeutrophil.RGCC,c.9MonocyteDCNeutrophil.CD1E,c.9MonocyteDCNeutrophil.ZFAND2A,c.9MonocyteDCNeutrophil.ISG15,c.9MonocyteDCNeutrophil.C1QA,c.9MonocyteDCNeutrophil.IL10,c.9MonocyteDCNeutrophil.TACSTD2,c.9MonocyteDCNeutrophil.FCN1,c.9MonocyteDCNeutrophil.MTCO1,c.9MonocyteDCNeutrophil.LYZ,c.9MonocyteDCNeutrophil.CXCR4,c.9MonocyteDCNeutrophil.GPR183,c.9MonocyteDCNeutrophil.OLR1,c.9MonocyteDCNeutrophil.UBC,c.9MonocyteDCNeutrophil.KLF4,c.9MonocyteDCNeutrophil.SDS,c.9MonocyteDCNeutrophil.CD14,c.9MonocyteDCNeutrophil.FABP4,c.9MonocyteDCNeutrophil.CCL2,c.9MonocyteDCNeutrophil.SOD2,c.9MonocyteDCNeutrophil.C15orf48,c.9MonocyteDCNeutrophil.RPL17,c.9MonocyteDCNeutrophil.CD52,c.9MonocyteDCNeutrophil.MMP9,c.9MonocyteDCNeutrophil.IL1R2,c.9MonocyteDCNeutrophil.HSPA5,c.9MonocyteDCNeutrophil.IFI27,c.9MonocyteDCNeutrophil.EMP1,c.9MonocyteDCNeutrophil.PLIN2,c.9MonocyteDCNeutrophil.HMOX1,c.9MonocyteDCNeutrophil.MRPL18,c.9MonocyteDCNeutrophil.BAG3,c.9MonocyteDCNeutrophil.PPP1R15A,c.9MonocyteDCNeutrophil.IL1B,c.9MonocyteDCNeutrophil.MAFB,c.9MonocyteDCNeutrophil.CST7,c.9MonocyteDCNeutrophil.TPT1,c.9MonocyteDCNeutrophil.MT2A,c.9MonocyteDCNeutrophil.ACTB,c.9MonocyteDCNeutrophil.GADD45B,c.9MonocyteDCNeutrophil.KLF6,c.9MonocyteDCNeutrophil.CEBPB,c.9MonocyteDCNeutrophil.PHLDA2,c.9MonocyteDCNeutrophil.GLUL,c.9MonocyteDCNeutrophil.WTAP,c.9MonocyteDCNeutrophil.C5AR1,c.9MonocyteDCNeutrophil.MTCYB,c.9MonocyteDCNeutrophil.SELENOK,c.9MonocyteDCNeutrophil.CKS2,c.9MonocyteDCNeutrophil.GABARAP,c.9MonocyteDCNeutrophil.CACYBP,c.9MonocyteDCNeutrophil.IFITM3,c.9MonocyteDCNeutrophil.SAMSN1,c.9MonocyteDCNeutrophil.IL4I1,c.9MonocyteDCNeutrophil.MTRNR2L1,c.9MonocyteDCNeutrophil.YPEL5,c.9MonocyteDCNeutrophil.JUNB,c.9MonocyteDCNeutrophil.RASGEF1B,c.9MonocyteDCNeutrophil.FKBP4,c.9MonocyteDCNeutrophil.CD1A,c.9MonocyteDCNeutrophil.AQP9,c.9MonocyteDCNeutrophil.MTRNR2L8,c.9MonocyteDCNeutrophil.PHACTR1,c.9MonocyteDCNeutrophil.DDX3Y,c.9MonocyteDCNeutrophil.PHLDA1,c.9MonocyteDCNeutrophil.ANXA1,c.9MonocyteDCNeutrophil.IER2,c.9MonocyteDCNeutrophil.ID3,c.9MonocyteDCNeutrophil.CXCL8,c.9MonocyteDCNeutrophil.CHORDC1,c.9MonocyteDCNeutrophil.CLEC2B,c.9MonocyteDCNeutrophil.BCL2A1,c.9MonocyteDCNeutrophil.FCER1A,c.9MonocyteDCNeutrophil.HLADQA1,c.9MonocyteDCNeutrophil.RPS29,c.9MonocyteDCNeutrophil.ATP1B3,c.9MonocyteDCNeutrophil.CEBPD,c.9MonocyteDCNeutrophil.EIF4A3,c.9MonocyteDCNeutrophil.BIRC3,c.9MonocyteDCNeutrophil.NR4A2,c.9MonocyteDCNeutrophil.TNF,c.9MonocyteDCNeutrophil.HSP90AB1,c.9MonocyteDCNeutrophil.DUSP1,c.9MonocyteDCNeutrophil.LGALS2,c.9MonocyteDCNeutrophil.LMNA,c.9MonocyteDCNeutrophil.IRF8,c.9MonocyteDCNeutrophil.IL1RN,c.9MonocyteDCNeutrophil.CD1B,c.9MonocyteDCNeutrophil.MNDA,c.9MonocyteDCNeutrophil.ISG20,c.9MonocyteDCNeutrophil.MARCKSL1
V1,1.321425934,0,0,0,0,0,0,0,0,0,5.842370923,0,0,0,2.2242223,0,0,0,0,0,1.871421506,0,0,0,0,0,0,0,2.2242223,0,1.321425934,0,0,1.321425934,0,0,0,0,1.871421506,0,0,1.871421506,0,3.675862165,3.135063882,0,0,0,0,0,4.424402122,2.690823692,2.861776696,3.441583877,3.007727117,2.48449425,2.48449425,0,0,0,0,2.48449425,0,0,0,0,0,0,5.547654703,0,4.024909828,0,0,2.861776696,0,2.48449425,0,1.871421506,3.806222591,0,0,0,1.871421506,0,2.48449425,0,3.865538592,0,0,3.007727117,3.974556356,1.871421506,1.321425934,3.135063882,0,3.921532348,2.48449425,3.921532348,3.349469978,1.321425934,0,0,1.321425934,0,0,0,2.690823692,1.321425934,0,1.871421506,1.321425934,2.690823692,0,4.390913636,0,0,3.525923861,2.2242223,0,0,1.321425934,3.007727117,0,1.871421506,2.2242223,0,0,2.48449425,0,1.321425934,1.871421506,2.690823692,0,2.2242223,2.48449425,0,2.48449425,0,0,0,0,0,0,2.48449425,0,0,0,4.024909828,2.690823692,3.743165106,0.189094529,1.129727299,0.636440863,0.111888388,3.177404997,1.111812142,2.63491032,2.850250447,0.571214981,2.380050023,0,1.139220469,2.569734293,0.222003718,0.721695387,1.941061507,0.690839055,1.351421113,1.188612824,0,2.601002326,1.354073991,0.784863766,0.20546157,0.230477097,1.245331336,0.843893259,1.6727693,4.346725003,1.323900386,1.373237607,1.024149358,1.015161803,1.512720234,1.409871848,2.113311263,2.023759225,0.92928485,2.080121282,1.329309627,0.926507783,1.504924387,0,3.8108603,2.931473325,2.041672678,1.662175817,1.412980411,1.533096182,0,0.198892704,0,1.10671137,0.199873883,3.206005582,0.094976805,4.779418153,2.936543711,1.709931058,2.358974865,2.210798327,0.231066376,0.79309055,0.976934805,0.390411308,0.304157873,1.549388694,4.532606409,4.401783244,1.200806488,2.939032757,0.304463388,2.646755461,1.605246003,1.948144553,0.86621317,0.104922347,0.163774458,2.736556394,3.110246728,1.468007693,1.752856484,2.009764059,1.970886767,1.889424405,0,1.106878584,0.518198712,0.104922347,0.928506832,0.689217769,2.318192751,4.006187068,0.221543951,1.723639349,2.950612915,1.476950533,4.567701719,2.269644422,1.345654803,2.112223294,1.340441342,0.880494894,2.070196527,0.911444687,3.308167981,2.402137577,1.641476636,0,0.840107679,1.423830789,1.566790251,0.321296247,0,0.908579446,2.862205537,1.347224734,0.512293244,0.288254616,0.518198712,0.685210621,2.029028252,0,0.874987394,2.562712283,1.153242657,0.325974349,5.279004252,0.673819329,0.657260624,2.449655205,2.999202159,3.942569793,3.387377781,1.726834765,0.988059433,1.407706877,2.434474962,1.345953759,0.679438039,2.238596804,2.762209307,1.948475507,2.642039703,1.925209984,1.894376651,1.614406081,1.918646205,1.331440335,1.135661475
V2,1.900937824,2.209281203,0.450576614,0,1.754995056,2.925083525,2.072901715,1.789417188,3.237036733,1.456636854,2.85156884,0,1.009949358,1.364994622,2.032993396,0,0,3.582320657,2.621148458,1.747415684,3.412946032,3.173091973,1.725513897,1.308208423,0.250453908,3.01118274,2.168021693,0,4.214720525,0.341955267,1.439076589,0.751232971,3.329090171,1.369181921,2.55266644,1.394871425,1.477873044,1.361481061,0.383297954,0.54180476,0.980762951,0.891265508,1.498616901,1.997633877,0.906404961,1.751644366,1.193646072,1.768951566,1.406421987,1.859592073,3.520114733,3.338624569,0,2.651130576,1.441376666,2.803092898,2.156400067,1.43429665,0.681537085,2.230855565,2.727405579,0.264692554,1.956360354,0.937379977,1.976985452,2.630815936,1.238773552,0.690712541,5.176196555,2.330410279,2.478992679,2.013437198,0.383297954,3.556655802,2.559029122,2.78728496,1.695798529,3.225038351,2.842892628,2.073328078,2.402663384,0,0,1.209808302,3.460589986,2.036254923,3.498326333,0.71156129,1.60316129,0.91936614,2.679701286,3.055513011,1.020638044,2.22452023,1.734524978,2.946514243,1.6382508,4.712601231,3.051137847,1.662201818,1.710825041,0.383297954,2.220152892,1.037555893,0.397673069,0.702673477,0.700313699,2.412291386,0,0.402273169,0,0.72976735,0.59367791,3.753746174,1.615378595,1.371926136,3.1231211,1.441553248,0,0.59367791,0.383297954,3.13702605,0,1.12727973,1.39614171,0.341955267,1.176336915,0,0.657162267,0,2.144753798,2.077305654,1.133316249,1.375239724,2.560130669,0.33356688,0.462555854,1.485359728,2.07522093,0.185440838,2.126883989,0.389876096,0.341955267,2.646939041,1.837982103,2.200223362,0.910684686,3.215655225,0.450576614,3.799057674,1.543599054,4.268955865,4.132225352,0.329058446,2.397348883,0.499580443,3.729597081,0,1.971459212,1.139565238,1.554334539,2.641302844,2.923913898,2.820621407,0.840648799,1.975408935,0.499580443,0,3.551551332,2.926106107,2.81183616,2.742499559,0.644219227,0,0.661850181,1.039405391,3.103763926,1.570570591,3.120561999,1.444404162,1.825289659,1.672246249,1.855687091,1.564017673,2.190792042,2.110556533,3.47963243,1.806505529,2.09381341,1.76194962,0.332922854,0.444837151,0.250399376,3.669980052,2.363403665,0.711907095,1.960773051,0.954617845,1.729828685,2.133896087,0,1.873860848,2.204595007,0,2.424630428,0,3.84353527,2.675649452,3.41822451,2.021911306,0.863367563,0.773216812,1.653601711,0.390444787,0,2.401810254,2.326700951,3.392099823,4.4569841,1.095462349,2.340809943,0.998492213,2.814937397,2.170664532,0.221377695,1.602486171,0,0.516089705,3.161599399,2.28837435,0.901585056,2.300480928,1.266190364,1.086260737,1.732702692,0.99780059,0.222421992,1.401595826,0,0.818299693,0.299068579,2.484355667,3.784605099,1.568002228,0.445672411,3.532618173,1.624759661,4.560704627,2.453494128,2.111543821,2.100543059,1.866508275,2.279921131,1.750996925,1.708281746,2.408789689,2.595846802,1.469022929,0,0.206886726,1.96602684,2.32416777,0.613472437,1.695796952,2.440902288,3.523262576,2.060936388,0.160673122,1.515705619,1.761865825,0.39020351,1.588872081,0.820397151,0.495048833,1.859280347,1.368520647,0.318403791,4.841561753,0.071038466,0.229166287,3.459177753,2.050138069,2.766967456,2.9228184,1.880109292,0.748014198,1.442036695,2.456341143,1.61344088,0.154007955,1.997141332,3.382671147,0.983650828,2.162519118,1.289769239,1.495756647,0.421984717,1.848532495,1.057904291,0.636832766
V3,0,0,0.493823669,0,1.226566835,0,3.612534316,0.375390783,3.093925189,3.208032359,3.849895017,0,1.999385979,1.035426133,2.904161503,0,0.305814598,3.157244624,0.406853242,0.476072884,1.919357779,3.170883097,0.968914229,0.671741586,0,1.655790185,0.921102603,0,3.600771374,1.460840088,1.709320656,0.561952157,2.387962421,1.910510433,2.242126618,1.274356329,0.775197668,1.188710488,0.375390783,0,0,1.466808467,1.177256744,2.568803025,1.099625133,2.636008305,1.314921943,0.93510462,0.406853242,1.405068784,4.230194396,2.77435466,0,2.2627355,1.536400341,1.093502287,1.012129424,1.708354013,0,1.613352538,2.532630049,1.179612673,2.228337819,2.638485406,1.133520859,0,1.237963864,1.197955666,4.729784457,1.5729518,2.389865435,1.441471576,1.457293768,3.659806322,0.428336337,2.181856509,1.935865577,2.449042462,2.827354436,0,2.317951244,0,0.428336337,1.415061951,2.722821122,0,3.649313064,0.826538082,1.220059723,1.57680363,2.107708209,1.74241257,0.539681916,2.932104958,1.935904567,3.491917678,2.290839072,4.352305008,2.947177685,0.666580778,1.769154761,1.708754337,1.306803104,0.797273236,0,0.291046226,0.895945323,2.60559495,1.026356687,2.095084965,1.081238752,1.128378811,1.849354112,3.616071199,1.182628959,1.605634662,3.467431863,1.779411131,0,0.966539598,1.42377729,2.934584233,0,1.333078728,1.27883487,1.469313503,0.792835732,1.503065947,1.097634134,0.375390783,1.955625708,1.832753306,0,1.128290167,1.227196627,0.980284222,1.167678766,1.42168085,0,1.465414223,0.224750083,0.52801129,0,2.177056895,1.421695652,1.439983344,0.406853242,3.641614109,1.236088303,4.036791622,0.103840562,2.400461273,2.421209147,0.551856302,1.715176326,1.349278836,1.771598974,1.385132275,0.105285014,2.1061791,1.441181488,0.746037167,2.740118911,1.896572046,0,2.0103,1.507873728,0,0.861020312,0,2.816978019,1.560201694,1.132201116,0,0.893064059,1.634426301,0.394891254,1.809881365,3.96764218,0.506754008,1.486876863,1.68828655,1.772274648,1.539305366,1.329441147,2.266116813,1.274854904,1.051452241,2.32976654,1.480212278,0.200533416,0.561785484,0.312142333,3.076258453,2.109988032,0.956837167,0.640964636,0,1.174961087,0,1.143255279,0,0.334563232,0.342601689,1.926129122,0.181208414,4.466416324,1.982889781,2.260899423,1.149488436,1.655782966,0.155273095,2.246230737,0.712880446,0,0.610083005,0.998730116,3.644078793,3.759614821,1.239775456,3.565536504,1.918419368,2.904646513,1.101985537,0.713169094,1.508176973,0.105285014,0.36749245,2.680454751,2.44406797,0.884165906,1.655859687,2.292859055,2.458938808,2.332103593,0.244827109,0.312356532,0.480884447,0.134933483,0.590295205,0.456058487,1.703730293,4.138139136,0.775399231,1.080298792,2.823393859,1.390850959,4.358105045,1.568956389,1.036247711,2.19438657,0.90848205,1.237273521,1.789999446,0.74446141,2.323847507,2.921218408,2.185366807,0,0.766789299,1.813549893,2.074726264,1.468474673,0,0.64338614,2.710178297,0.540058486,0.427153749,1.120940768,0.885554436,0.745555799,1.677924386,0.758701374,0.181208414,2.103969095,0.603949358,0.370981033,4.615782691,0.880260757,1.663099988,2.70824792,3.212157143,3.615893418,3.519981235,1.825877632,0.785029241,2.510512933,2.850435561,1.686892882,0,2.55380029,3.102910117,1.21685237,2.607231105,1.854753656,1.625256041,0.67515254,1.280268484,1.145027348,0.896115128
V4,1.761157867,0.118347094,0.441125132,0.058249422,1.371153462,2.082090787,4.186341343,1.245742893,3.822717891,0.261881623,2.308857645,0.093145229,2.195253413,0.385008126,2.39178442,0.775838556,1.898704222,3.121463659,2.811626245,1.43223075,3.058514447,3.057957864,0.911989246,1.435572339,0.70166969,1.90370414,1.923459304,0,4.026550954,0.94745177,1.136663502,0.183415258,3.273189459,1.640575579,2.97544038,1.923804386,1.669686183,1.34795248,1.643853516,1.060142008,0.017871277,1.220602111,1.662108741,1.817630764,2.11762213,2.299552721,1.992972636,1.902704089,1.220696039,1.398264344,4.287277855,3.816271503,0.582749338,3.216759832,1.998575906,2.908249789,0.843851126,0.586772631,1.801813771,2.089842523,2.246953247,0.827349089,2.408707063,2.089418352,0.68859823,0.141088316,0.836939242,0.76312962,4.504630453,1.733189725,3.159152325,2.407123588,1.620227209,2.311744073,1.432995445,3.154057614,2.156529328,2.507723735,3.219386243,0.048699118,2.178464096,0.991871243,0.442688163,0.031832791,3.560941206,1.851650857,3.844219001,0.277989718,0.705624917,1.914197446,2.039948735,2.787146446,0.895392297,2.826041267,0.97360501,2.163305431,2.235389085,4.325456308,2.985932623,1.744828532,1.333036717,1.592937429,0.985304765,0.876309357,0.596957463,1.913816878,0.570684468,1.903980353,0.472106938,1.080511965,1.030067724,0.875427235,1.347530703,4.206922501,0.973557976,1.2349983,3.25024227,1.837328036,0.592616328,0.589035702,1.879392243,3.419339252,0.144844357,0.724815102,1.237253711,1.207707625,1.466623518,0.841358424,1.05733957,0,0.945122646,0.978426629,0.067662497,0.760474608,2.40458444,1.503377424,1.345335256,1.836130512,0.919565001,0.511521422,0.489077533,1.310859094,0.636410997,2.063251738,2.266737898,0.763873217,0.419917727,3.995494181,1.529987125,2.852604077,0.132443013,0.715862884,1.062981572,2.197738194,1.568687939,0.730386539,0.686400365,0.046059229,0.591834248,1.511280866,1.411550015,3.087926019,3.380305969,0.413307637,1.261953651,1.863369311,1.381692081,0,3.091643817,0.40396002,3.098826672,2.612169595,1.857811736,0.103836387,0.177107846,1.302404861,2.154860197,1.765831028,3.752695496,0.578534774,1.184577444,1.421914683,1.568849787,1.666074144,0.633062748,2.215338299,2.50186804,0.908561865,3.118076535,1.772616594,1.639660095,0.13895087,0.141088178,3.01535383,1.830599913,1.188923956,0.009252814,0.791889289,2.077175925,0.101340499,0.902942047,0.148744374,1.599698968,1.069547302,2.322419307,0.37201728,4.941142952,2.07145152,2.440931447,1.684829774,0.8881061,0.855056772,1.301032103,1.641394124,1.535988893,0.541850456,0.185547922,2.897748012,4.706444613,2.348178419,3.911818031,0.809786112,3.522050397,2.071770458,0.207241364,0.856522047,0.057507425,0.106190493,2.338480683,1.728161288,1.063156328,1.095837426,1.507237172,1.886924655,2.234968391,0.233424219,1.112490147,0.538075465,0.311090219,0.454912788,0.755850048,3.054987845,3.587694889,0.551419129,1.65982813,2.704130421,1.33231455,4.999798963,2.728366361,2.092121679,1.901431246,1.943684981,1.983511139,1.430991015,1.510548512,2.361148574,2.4956598,1.87956914,0.261161466,1.114510138,1.806040764,1.412180712,0.427383476,0.970854229,1.077590444,3.797536526,1.185994858,0.582714249,0.492307841,0.138294477,0.943000099,0.820090289,0.500528713,0.523273246,2.932002234,1.990429823,1.465754664,4.882004382,0.379443122,1.399866451,2.362698807,3.097941779,3.940008449,3.434235902,1.708132325,1.211938847,1.731835126,2.499965666,2.314414708,0.932165814,2.797059551,3.742118594,1.814646545,3.15435278,1.599275208,1.280250027,0.53087425,1.198464278,0.176703628,1.040285909
V5,3.28670536,3.590501257,1.758589823,2.300758546,2.029330343,1.567059041,2.694784566,0.439862378,3.186606481,1.192126729,4.011652666,0.268195445,1.776132275,0.20183778,3.554785844,3.135946136,0.706047636,1.963715917,1.501412181,1.678071854,2.168290277,3.235897999,1.726631924,2.499044764,0.981211389,1.452648468,1.345124693,1.280153995,2.807913349,1.779008759,1.749069322,0,2.261366606,2.027932825,2.929841926,1.684839327,1.817163704,0,1.248956345,0.724970612,0.862450943,1.814241243,0.945502059,3.358450088,1.438073932,1.878120051,1.392429798,2.03400485,0.980297634,1.485422731,3.639052318,3.092831924,0.772915273,2.668790954,2.039598897,2.852150736,1.672805111,1.295887331,1.033430055,2.444963775,2.609090478,1.025732222,1.954917365,1.763573179,0.274639245,0,1.108440642,1.372976089,3.48421493,1.943129468,2.858373338,1.475349915,1.074070751,4.396247745,1.109822242,2.725002793,2.429110974,2.315885986,3.687763585,0.666887034,2.530711569,1.10734419,0.813561373,0.967493362,3.567555362,1.695642852,3.831505316,0.689613157,1.294316972,1.984967174,2.211358212,3.395272273,1.400164325,2.804241522,1.051603058,4.306314093,0.908523659,3.450750545,3.641044547,1.250039153,0.943216739,0.903616645,0.975184087,0.517674767,1.038802109,0.769221902,0.703348853,1.924453049,0,1.359704783,0.793220999,1.197062243,1.164101739,4.208458857,1.486226581,1.002793153,2.852281843,0.897518537,0.712925108,1.20427537,0.85078821,2.906173271,0,0.824738328,1.386445527,1.154118133,1.163323242,0.82512923,1.17460815,0.393542467,1.052942996,1.001025161,0.595625582,2.190044609,2.564109887,1.153671558,1.308486622,1.299703764,0.125968385,1.787376623,0.139355234,0.91926493,0.919972894,2.224050254,1.761730856,0.770026252,1.290051067,3.505320201,1.559618327,4.429095263,4.181521727,0.0378727,0.17419244,1.06660692,0.212196885,0.60413078,0.124071582,1.032585233,1.845156003,0.795597565,0,2.719979834,4.061136532,0.178309533,0.135437517,3.2385574,0.881682184,1.557878563,2.392656715,0,4.05461845,2.201891919,0.730865422,0.246609576,0.103598173,1.670752287,2.003831235,1.862261246,2.487727415,1.09030203,0.827936681,0.479329294,1.927576773,1.32816422,0.631642476,1.285855591,1.815553639,1.460503366,2.115660957,1.425546611,0.827317682,0.680938763,0,2.75860808,3.97023304,0.966831136,0,1.285158012,1.598776163,0,0.326340583,0,1.230570293,0.479365501,3.022993946,0.284201487,4.362190331,3.970794335,2.973441302,2.253626059,1.337513501,0.935046551,2.058610114,1.313752679,0.075150253,0.441941406,0.365229839,4.560750057,4.081131784,1.978888997,3.325235966,0.437584287,3.528043168,1.849569937,1.164056563,0.653545111,0.111789116,0.224772698,1.975028513,1.821701446,0.618168878,1.839788002,2.022204438,2.047637475,1.597256531,0.410993935,0.754707171,0.637412931,0.821815487,0.731866082,0.844953332,2.276472378,2.725452705,0.563562259,0.993738298,3.789007139,1.313515569,3.648010133,2.204291121,1.692156091,1.586908561,1.970585177,1.614721766,0.941132681,0.835136223,3.655379084,2.916270122,2.253532944,0.103671147,0.963789745,1.557512802,0.903354081,0.270530324,0.214938937,0.912646254,3.163570185,0.668435631,0.729704254,0.969333322,0,1.134130634,1.08547335,0,0,2.826781521,1.639060199,1.310380108,4.224327664,0.257082067,1.624008414,1.733782797,3.432464747,3.708107341,2.987673687,1.643527945,1.613317895,1.931021446,2.072093184,1.592654536,0.222579671,3.002972885,2.868387896,1.704738831,2.878649372,1.089066661,1.209464488,0.794692977,1.228234358,0.569441014,1.113017775
V6,1.353383808,2.314095926,2.607741769,3.234129606,2.08563232,3.288013592,4.842031592,0.664460069,4.125324666,0,2.300068808,1.051859604,1.127523285,1.305596581,1.656812592,0.483676733,1.742203144,2.867809312,3.072500299,2.860220412,3.254303152,3.41410185,1.602688148,2.593936593,0,1.815749926,2.551554693,1.06183974,3.957127107,1.292721806,0.273701151,0.357818958,2.768178966,1.529119044,2.349028753,1.479307821,1.325670008,0,2.216649461,0,0,1.089450579,1.869514312,1.697294484,1.222045369,1.993711602,2.075062127,1.069994526,1.196527055,1.73319021,3.89770574,2.827365283,0.188421584,2.676849094,1.25976259,2.812954127,0.44956165,0.475107812,1.041650126,2.426461677,2.861300311,0.55348216,1.635838208,1.451367648,0.457256075,0.115859454,0.880253103,1.658695929,4.604418667,1.489232029,2.100428434,1.669968851,1.631468431,4.012255965,1.944932842,2.600734349,1.729947521,1.835018255,3.199406972,0.593807554,2.286652539,0.67807751,0.400853739,0.939937224,2.147825381,1.840985585,3.053342589,0.27227393,0.677630342,2.381262395,1.774300259,3.397110598,0.94923163,2.035855483,0.788898434,3.608873693,2.610951976,4.784771478,2.843211067,1.783761128,0,1.448988041,1.107753347,0,1.439737868,0.210701329,0.133431468,1.264466616,0,1.761099605,0.891158367,1.687087878,1.781482522,3.716740089,1.06077558,0.329943518,3.056229734,2.382816887,0,0.894922873,0.394357444,2.20286545,0,0.548836691,1.112851076,0.231123417,0.729543808,0.475107812,0.378292948,0.540831496,0.706139806,0.794838792,0.239183695,1.006954686,2.040773122,0.99117833,1.612464344,0.88703622,0,1.010831787,0,0.856640902,1.419644576,2.730005668,1.762115822,0.691416276,1.654218506,3.204435719,0.76035036,4.372054328,2.876324801,0.258653947,0.76362433,1.086264513,2.711045071,2.224272804,0.258653947,2.128533593,0.054536167,2.160091983,0,2.170062665,3.29119831,0.54625356,0,2.79276912,1.96001252,1.559259625,1.793093177,0.36657062,3.163510658,2.526441857,0.499993873,0.351463354,1.301179936,1.248685729,1.33886347,1.473868073,2.405945408,1.078194671,0.431439487,1.425697005,1.290507643,1.876423374,0.398356601,2.640438345,1.743351805,1.143972575,1.426612112,1.952809958,0,0.823794232,0.251454724,2.447793306,2.970501538,1.898627961,0,0.906692507,2.524511191,0.042419858,0,1.289486395,1.846429242,0.206860061,2.047116753,0.643848956,4.330895119,3.074684371,2.053799765,0.571938749,0.614914115,0.30034046,0.752372487,0.694685856,0.384856223,0.724844594,0.673728134,4.059354796,3.850914661,2.286958384,2.811801784,0.863593208,3.242290308,1.73320495,0.07715233,0.12620678,0.082423025,0,2.050434928,2.008146261,1.096411179,2.427916939,0.808313426,1.813369771,1.253656463,0,0.960094979,1.430205938,0.042419858,0.741273649,0.951036739,2.356713409,3.731414106,0.292622353,1.608156553,3.988783129,1.375278961,3.647577091,2.216581451,1.814124959,1.097534761,1.653458587,0.729990879,1.426306322,0.533761542,3.200487661,2.118208296,1.573323134,0.172571936,1.094359362,2.149048049,1.023226869,0.358681532,0,0.782802135,2.735050284,1.137978309,0.269573612,0.167519718,0,0.618441328,0.772784479,0,0.349498131,2.026984784,1.371419795,0.885211799,4.512991955,0.435919424,1.225674585,2.31629068,2.946155121,3.503220643,3.300447097,1.465155949,1.4114497,1.311267585,2.278690463,1.489769963,0.851223201,2.297740704,2.654601723,1.746575179,2.495464734,1.245385842,0.437227433,0.287427842,0.539265694,1.17842655,1.986186641
V7,1.458580232,0.092510482,1.217682378,0,2.595546882,0.463996548,2.428197661,0.254839312,2.293809437,1.562586273,3.688318464,0.6735064,0.948249478,1.726673995,3.224018152,0.058921393,1.251788327,2.281522601,2.139326292,1.297628157,2.654668528,3.39206599,0.508079982,1.141043231,0.465368129,2.735369092,2.198815438,1.640213809,3.095948236,0.784015351,2.079531984,0.754504743,2.176907216,1.320859056,2.700077773,1.909374147,2.09289997,0,0.865951748,0.698816997,0.069525525,0.867526469,1.342953767,3.332643659,1.615692943,2.236522347,1.504362145,1.976781586,0.262615297,1.279084096,4.60866144,2.508637542,0.28370764,3.367519088,1.642536218,2.650294541,0.721495695,1.198373328,0.881801582,1.873460895,2.571647451,1.237526302,2.623801489,2.229506132,0.337352179,0.033453753,1.26588338,1.718556162,4.209367686,1.805134257,2.23740493,1.686126027,0.821243443,3.59055269,1.040283267,3.67438723,2.064862753,3.388989589,2.904677453,0.441353682,2.346347943,0.566036914,0.536900954,0.36851721,3.392305578,1.282095001,3.819472993,0.78370986,1.684187462,1.385766095,2.226979654,2.819190633,1.291062132,3.102819203,1.440401566,3.197033702,1.364192016,3.693628632,3.245604273,1.559871417,1.377608885,0.478253443,1.50880632,1.24484936,1.105302232,0.382444338,0.562779614,1.71893073,0,1.093904187,0.613506623,0.646383464,1.836186161,3.712337205,1.52234852,1.627298167,2.914714597,1.418307505,0.254484188,0.452189041,0.576932748,3.58028283,0.078567322,1.252044418,1.496070627,1.30635073,1.507636352,1.551492812,0.820921996,1.494420338,1.442252584,1.469877775,0.214727016,2.191608639,2.271743831,1.170109242,0.954249928,1.619313504,0.124118526,1.124656206,0,1.054226707,0.283896098,3.030315874,1.693060662,1.095359581,0.79971073,3.84022701,1.236489095,4.450553521,0.267400824,0.181386781,0.475169089,1.117820299,2.456490425,1.153865788,1.101367233,1.894278409,0.428863638,2.029661546,0,1.866037011,3.25522478,0.235633317,1.239045482,2.735350387,1.066782205,1.433765714,2.533779599,0.235633317,2.6760157,2.276254345,0.913077638,0.483847499,0.499824139,1.032273723,1.846841389,1.259902627,3.266992156,0.398961955,1.152196799,1.198437871,1.423335275,1.455075536,0.530521112,1.478399213,2.007732641,1.294776974,2.524918372,1.666312322,1.072520725,0.702360596,0.148796382,3.11377736,2.626351148,1.058249733,0.026914454,0.324956182,1.634683746,0.043332458,0.478936122,0.191995471,1.220558866,0.770489132,2.334079493,0.967409016,5.061979811,2.76322255,1.930443245,2.366527794,2.095449742,0.750421788,0.86506689,1.418349588,0.528788347,0.561597924,0.950435596,4.296789676,3.479760554,1.342775045,3.333158887,0.707090857,3.05437579,1.601028892,0.411346201,0.620808233,0.077857928,0.19107771,1.786683834,2.360008479,0.972657832,2.015888998,1.958584579,2.3273482,1.181231296,0.082009271,0.89318985,0.371139603,0.341663584,0.436306865,0.701635207,2.45171403,3.059266862,0.751866787,0.568514782,2.842441279,1.325964628,4.70227674,2.433060032,1.951799066,1.546169517,1.667340727,1.201197975,1.239103639,0.754833952,2.804169822,2.048688068,1.879873924,0.195395109,0.741522593,1.583533266,0.792658946,0.45434227,0,0.721285499,3.316772427,1.25962505,0.229691712,1.173535291,0.198265062,0.450941716,0.992054116,0,0.145989974,2.54729741,1.615228541,0.424680332,4.526819638,0.194631372,1.225215165,2.133606962,2.863142202,3.933295922,3.362370659,1.115929901,1.520379526,1.69067018,2.654839128,1.718101736,0.530287979,2.396340219,3.072777442,1.911981923,3.041769639,1.014336007,1.274412953,0.739346316,1.219892932,0.490329013,1.619441975
V8,3.919871134,2.628472782,0.764435263,0,2.015355919,0.899994761,1.561066817,1.828740786,1.001189319,1.552364936,3.640552886,0.400444457,1.953292065,1.004180654,3.507066071,0.250000234,2.815048014,1.923652389,1.432961436,1.596008364,2.30350418,3.598036102,0.814045553,1.583232356,0.915093679,1.881370488,2.232276527,1.26778107,2.606838381,1.176380284,2.070549641,0.830034861,2.423656901,2.066736856,3.264646072,2.439657113,2.489786688,0,0.469091321,0.992279512,0,1.505877615,2.660395011,2.835262594,1.229675981,2.175556639,1.901074904,2.208456257,2.160393089,1.737850048,3.71146871,3.167868263,0.707412518,2.81484607,1.923045605,3.654432663,0.376207069,1.14569571,1.086463129,2.493051718,2.540177843,1.731906154,1.829649105,1.527253424,0.457420575,0.3112667,1.565129344,1.207853591,3.38113845,1.683645267,2.834737844,0.924828654,1.771801614,3.983986692,1.310810854,2.8362746,2.670048313,2.814608366,3.352573278,0.957858997,2.501099377,1.835003852,0.612682202,0.612909706,3.760214268,1.758460551,2.999008038,0.904986632,1.070985475,1.509007862,3.165520758,3.198692773,1.448692403,2.698639075,1.250988898,3.628897931,1.950350152,3.405590935,3.914079732,1.556943921,0.50808771,0.690959456,0.419615318,0.992933802,1.18409554,0.870599774,0.520058385,1.88917622,0,0.904546229,1.623490437,1.029110025,1.695893636,4.134591934,1.38659957,1.670780709,2.879241129,1.351393756,1.114612468,0.770827503,0.462553922,2.987771589,0.624422851,0.72523047,1.38907903,1.080079955,2.147374688,0.997504458,1.365875104,0.551525753,0.846542061,0.916873553,0.910088319,1.436866001,2.744483547,0.906736674,1.234426216,2.064354917,0,0.266460309,0.88152791,1.937598121,0.574863151,2.168287216,1.689439749,0.44417576,0.805086523,3.025962521,1.070229085,4.559521029,3.146997442,2.086060667,2.568151425,1.43964041,1.254245342,0.271483927,0.507089643,1.355803458,0.237687345,1.061425166,0,1.937144951,3.577371302,0.299488425,1.189218314,2.655245072,0.462111532,1.251222101,1.099488465,1.280632047,3.360646688,2.123718608,1.364083971,0.245460753,0.72326734,1.626001785,0.70460634,2.187936049,3.155449446,0.54598909,0.701315863,0.519925049,1.594028789,1.891490982,2.447143723,1.884859262,1.342707618,2.689670245,1.209837045,1.664190338,1.444782902,0.259769424,0.424752379,2.752418079,2.921496589,0.843383325,0.315957541,0.496297647,2.191925869,0.335083226,0.71924123,1.108626665,0.5858798,1.640110086,3.107923297,0.304803334,4.416979275,3.359892137,1.724833595,1.404110894,0.871121926,0.717918892,1.747217491,1.744684869,1.002091248,0.398186947,1.558671346,4.311751454,3.828437651,0.933203226,2.844375531,0.429751569,2.705835204,0.857361368,0.277839892,1.479973897,0.028547817,0.696451195,2.567051503,1.8947549,1.117964902,2.223484082,1.184773238,1.328474102,1.460973758,0.527927674,1.398528555,0.944066388,0.335846494,0.632423965,0.531983725,1.574134444,3.565109072,0.530124692,1.059013454,3.780764643,2.512990127,4.806709593,1.567436337,1.097764479,1.943165044,1.409512635,1.703066722,1.402588905,1.373504749,3.077686405,2.462046639,1.526982795,0.217810662,1.023030601,2.505134689,1.830960934,0.907099467,0.038630203,0.758440267,2.434452044,0.536246013,0.73755854,0.22635548,0.646989482,0.362467968,0.46105193,0,0.241762198,2.438225022,1.145019455,0.320336622,4.037005706,0.556855991,0.876877469,2.251534057,2.093316824,3.712807992,3.439806437,1.990942682,1.782092693,1.414717215,2.379993025,1.010988173,0.317937521,2.331151406,2.338084858,1.195131307,2.668928646,0.807840468,2.080961183,0.389200036,1.33347286,0.60042772,1.154893459
V9,3.592663995,0.130522635,1.741644754,0.034678416,1.148456985,0.209332896,2.924992229,2.183282496,2.857142665,1.935634041,3.965893213,1.11999046,0.840808346,0.015123108,3.260377921,0.00738543,1.982067513,2.573793877,2.092744376,1.398358084,2.021098826,2.955732659,1.069073007,1.147221486,2.273574453,2.254088527,1.222333174,0,3.391044744,1.442080883,1.972111215,0,3.039461558,1.64419906,3.188961964,2.206414916,2.06847683,1.021082565,1.364861716,1.989388056,0.082788672,0.876208489,2.566790714,2.308402735,1.995074388,1.96345793,1.487517486,2.502034974,1.192047154,1.319576563,4.389136403,2.12152441,0.452305812,3.233069416,1.284636348,3.445519786,0.66404868,1.403916017,1.591827967,2.259889817,2.146798616,1.575005904,2.693805118,1.821654286,1.287169075,0.294335806,1.546772969,1.437280958,4.56888433,1.48045124,2.15842068,1.701068371,0.60927021,3.557811781,2.151184259,3.432913596,1.992086838,2.985045349,2.538234642,0.096802658,2.162418811,1.001290293,0.437466396,0.035165367,3.960555206,2.009168515,3.53760152,0.719009341,1.128459643,1.72493149,2.559013949,3.119821005,1.952127241,2.789869091,1.628560553,3.335544561,2.339115354,4.048671434,3.894725046,1.453816484,1.222144642,1.337669449,1.67560333,1.382179544,0.758115196,1.208849366,0.480052843,1.3946203,0.751248175,1.467649224,0.37483602,0.639464883,1.371063309,3.045668103,1.349311569,1.213851033,3.15225394,1.452097271,0.353128843,0.399488549,0.785879594,3.193225865,1.138117683,1.213818014,1.650279332,1.045119083,2.050898524,1.063693365,0.919522004,0.738027616,1.233888158,1.148704937,0.305606883,1.081455133,2.689720714,1.282851763,1.116385312,1.779891321,0.04136261,0.737194327,0.26974952,1.52521495,0.293720746,2.834734862,1.85637905,1.032186948,0.838318171,3.400022931,1.53367453,4.504257457,0.111296752,1.392592762,1.481007607,0.631611769,2.649485529,1.201816939,0.2480625,2.033688184,0.166157803,1.766940765,1.417390094,1.442752969,2.440930482,0.099749139,1.527055643,1.858261254,1.134869629,0,2.237842866,0.702480507,2.393070734,1.388645351,2.127126145,0.754032397,0,1.033146328,1.461659066,1.42325559,3.664505732,1.018555647,0.602859122,0.676252009,1.082308307,1.974758358,1.449323857,2.475304562,1.815762978,1.622514641,2.339044141,1.879225108,1.736067028,0.269436828,0,3.544964965,2.764446341,0.963325972,0.31179757,0.604207175,1.84528623,0.204042677,0.839906545,0.305398313,1.088712652,1.360789479,3.18875323,0.497513169,5.049612899,2.923844695,1.565733762,1.590685935,0.701194141,0.335345165,1.04014464,1.633412533,1.00584462,0.224252808,1.040344757,4.347756613,4.032421242,1.604986516,3.487887148,1.055051692,2.900326795,1.328743899,0.706293843,1.706752926,0.04129644,0.789502041,2.569379737,2.565632338,1.336920508,2.243363448,2.200253366,1.643037862,1.637760857,0.275947821,1.439000204,0.725248386,0.37086524,0.361036426,0.507235366,2.314953002,3.673279286,0.830909955,1.141182821,3.137566562,2.057446947,4.911130697,2.286146605,1.5391338,2.516825622,1.63418972,1.667744131,1.691046149,1.594508268,2.825091754,2.45544988,1.247801777,0.35618643,0.688802945,1.972680457,1.729301932,0.565805046,0.013673479,0.822582477,2.966916195,0.914898873,0.553803798,0.818742624,0.614264674,0.562028306,1.096712259,0.519586201,0.482136916,2.552227923,1.316062632,0.555796126,4.876589646,0.497180734,0.956508614,2.79403322,2.861427112,3.637529998,3.594767992,1.690575705,1.39118959,1.335558354,2.159502016,1.721126163,0.69662055,2.258748756,2.675557347,1.114047505,2.91972705,1.31595957,1.996773147,0.290469299,1.450118111,0.765180244,1.10863916
V10,0,0.048892605,0.856631187,2.441301312,2.786745402,0.716433373,3.326986434,0.687921511,3.222478245,1.408754246,3.329659249,0.539621987,2.400593364,0.257637471,2.187037879,0.146409484,1.676647844,2.453823312,1.578426353,1.769448822,2.266951932,3.136260419,0.147406167,2.009097364,1.161803422,0.961110251,2.3400212,1.317111732,3.293952168,0,1.730163734,0,2.538019521,2.907408044,2.701444522,2.324265098,1.629660188,0,1.056457995,0.243801684,0.163537472,2.575589396,1.567712562,3.323032759,0.953121329,2.29988898,2.446398634,1.789802539,0.573080591,1.761340788,4.216463539,3.339816737,0.322726966,3.257276169,2.479373064,2.200348742,0.968207023,1.422379101,0.729603941,1.647270179,2.662566124,0.644669272,2.113203663,1.267159378,1.471894354,0.16347862,0.489866555,1.318270514,3.929406205,2.344588706,2.791655053,1.869675997,0.604164295,4.285023617,1.430352926,2.141211557,2.215515539,2.923487563,4.227354719,0.600547719,2.670314982,1.109858637,1.473409876,0.424921098,2.621023919,1.360552262,3.92412253,1.254062224,1.888075117,1.266431388,1.932097531,3.313887517,0.824768248,2.906084235,1.434738153,4.245408783,1.663630686,3.508775379,3.792680044,1.933460807,1.196205165,0.702198824,0.774308551,0.49855842,0.858201222,1.123939328,0.42906257,2.474960893,0,2.335666556,0.930970547,1.018922136,2.025256118,4.546601215,1.804689743,1.030077417,2.634944605,1.972898884,1.229163358,1.352286366,0.207834979,3.09569319,1.871978021,0.767993903,1.990710972,1.167745771,1.075081818,0.954341182,1.316761938,0.137379441,1.008474367,1.278237632,0.386483352,1.120907521,1.688604874,1.238768395,1.957324343,2.039836494,0,1.005055084,0.213419617,0.886258905,0.230055787,2.170548331,1.895721383,0.396526479,0.691964149,3.903451401,1.562777,4.304161571,0.01038086,0.117443189,0.673826716,2.469792646,2.325217881,2.107318545,0.473086223,0.490823793,0.475685344,1.657618275,0,2.714599957,4.355440223,0.11465155,0.194807045,3.286095975,1.129617234,1.322977873,2.335148933,0.008477961,3.994567169,2.561011091,1.232908391,0.549452344,0.081338896,2.550808054,1.565251441,2.726686125,2.316768471,2.137317075,0.882632725,1.412338387,2.342430557,2.597505138,0.413031693,1.432966689,1.903483389,1.774220131,1.858227358,2.244610437,0.428846809,0.26264943,0.023589155,2.449422,3.515500851,1.625283448,0.029835873,0.059971475,2.763076549,0.050710912,0.059436821,0.120895056,1.091954537,0.265015293,2.834225707,0.188673635,4.591838311,3.252808916,2.488053014,1.107489624,0.759920109,1.274916561,1.42407258,0.818028197,0.183736742,0.256949181,0.752550163,4.044917532,3.700187638,1.877926493,2.692522434,0.840186912,3.067503916,1.252930023,1.01805209,0.845401609,0.053916491,0.241147176,2.057153621,2.596894406,1.516957809,1.214838975,1.970988906,1.369788473,1.91903,0.108630101,1.151531342,0.733791442,1.000595839,1.259526593,1.269725801,2.160589035,3.234441278,1.01971054,0.714861389,4.000315135,1.581730778,3.926184538,2.279956471,1.644618475,1.608741471,1.355079676,1.780742465,1.036581741,0.601387417,2.979406296,2.95412186,1.978153459,0.661400353,1.517436065,1.800286571,1.066156845,0.481717443,0.027722973,0.704248571,2.686764374,0.838010208,1.054851551,0.371228195,0.13967381,0.009306271,1.216076581,0,0.37592232,2.185301017,1.294131807,0.778162936,4.116021024,1.179083895,1.522098492,2.307788298,2.662607754,3.860855209,3.919744995,1.730236095,1.541318432,2.039172013,2.039318069,1.823607744,0.525414483,2.807646678,2.630378642,1.397606669,2.201976412,1.17137766,1.215445131,0.218737576,1.063402419,0.810755236,1.137041541
V11,0.21323805,0,1.187202209,0,2.152291079,1.936035156,3.24044856,1.226450775,2.868291937,0.860963057,3.293931168,0.240906139,2.452046567,0.072160423,3.009879577,0.76187196,1.73857638,2.175064545,2.151459109,2.146203758,1.875532729,3.201330065,0,1.408747107,0.47954438,0.876559354,2.133044013,1.400360829,2.897396775,0.111492529,2.040176758,0.276562384,2.71413366,2.864733309,2.96705853,2.302870377,1.413755554,0,0.940996671,0.566273398,1.927178497,2.255404087,1.863063364,2.691818841,0.877288382,2.592762126,2.279230943,1.586171846,0.595142401,1.788220105,3.489631674,3.189624341,0.580828867,2.266162836,2.692704809,2.622815062,0.611168925,1.799135383,1.307241777,1.963840242,2.789680038,0.465747999,2.145405268,1.504681065,0.976522221,0.278343086,1.307343631,1.616438626,3.50419662,2.416561371,2.571789588,1.641610789,1.759175615,4.21044692,1.449059207,2.538632738,2.524498549,2.950453445,4.152613643,0.927643769,2.670084159,0.490763804,1.554915519,0.357603391,3.618299308,1.798031915,3.580778558,0.954385925,1.742210439,1.869731533,2.528150586,3.242499645,0.912281366,2.303762751,0.9432398,4.137113205,2.284318527,3.175842959,3.396152986,1.694294134,1.134497049,0.912197776,0.747394597,0.786458887,0.403123147,1.307124882,0.111492529,2.185870504,0,1.9313734,1.384828159,1.165647488,1.823595472,4.578685977,1.551943875,1.240551853,2.307844431,1.766917865,0.992444811,1.385272118,0.658987039,2.753072995,1.046401161,1.183625709,1.864542534,1.138000883,0.994768934,0.793375168,1.186716053,0.062194789,1.494866881,1.652075718,0.193777965,1.660343088,2.328227937,1.041810942,1.829914326,1.811278149,0,0.865593552,0,0.316118484,0.206121377,2.420217412,1.676284807,0.397501699,0.271925719,3.350375893,1.799849997,4.42997142,0.030514266,0.484523327,1.415768547,2.928606175,0.987120952,0.083585432,1.482323277,0.56789949,2.821602755,0.566140486,0,2.699030235,4.344125377,0.480040999,0.739010483,3.581024249,0.319540818,1.141117412,1.136334313,1.303595225,4.328391062,2.319368557,1.343726805,0.391949431,0.117551682,2.661998291,0.871840956,2.964428082,2.635065774,1.561775322,0.679916047,0.030514266,2.563220639,2.103074906,1.714495801,2.228263064,0.87888611,2.57097211,1.806836958,1.815340527,0.869330791,0,0.1515175,2.247451226,3.477564536,1.039093798,0,0,2.610421796,0.199115309,0.307289654,0.053074676,0.796293051,0.836890691,2.739610149,0,4.415651054,3.425639731,2.452909214,1.604251064,0.706260257,1.286638319,1.706398629,1.296157383,0.56351776,0.580361232,0.906856479,3.939026455,3.978045476,1.764495394,2.526010846,0.586508489,3.629134521,0.846132634,1.050189293,0.692726254,0,0.565894189,2.743210515,2.3564833,1.111220884,1.450395523,1.820490815,1.9313119,1.842738065,0.0826374,1.176572332,1.38241381,0.941642015,1.419331541,1.149159132,1.567086326,3.18077174,1.023585281,1.62384904,3.994512018,2.22749477,4.338113255,1.442359983,1.138127149,1.922967187,1.539267902,2.081499583,1.606474787,1.488734404,3.046575914,2.574026659,1.638172628,0.560908117,1.895115961,2.254114688,1.489717041,0.721924326,0.04352657,0.325283526,2.124575962,0.887096315,1.546825537,0.421877598,0.417125639,0,1.605158841,0,0.351471036,2.89827925,0.804597029,1.14682287,3.924754382,1.099192865,0.575074729,2.022094726,2.652082869,3.451319506,3.233099793,2.322612011,2.158682008,1.363407762,2.150961122,1.470279695,0,3.095214239,2.354295406,1.476340328,2.900212165,0.897044701,1.513884444,0.462089042,0.605691273,1.256668333,0.780975121
V12,0.970345044,0,1.052611167,1.385765817,3.145006203,0.008008731,2.869071013,0.898016708,2.243741757,1.415175108,3.521971687,0.444172358,1.712294122,0,2.507478572,1.08382785,1.226382275,2.390384381,1.393008449,1.819386431,0.874632724,3.189569156,0.047565511,1.819766041,1.298037866,1.822189939,1.849990969,0,3.674359782,0,2.332616534,0.058239748,2.581110859,2.707844699,2.759581703,2.258468538,2.224510386,1.151298457,0.890358528,1.038251907,0,2.141654823,1.42770647,2.239545324,1.895786476,1.828328765,2.048720756,2.153412472,0.463746422,2.20573147,3.834887989,2.800635308,0.708426242,2.315694454,2.466103104,2.281927636,0.914092054,2.084719887,0.87945213,1.940682687,2.359875575,1.385841933,2.007959906,1.066200391,1.709507742,0.112263848,1.073462383,1.180433903,4.366553558,1.839534484,2.566090072,1.552984599,1.035941541,3.971594969,1.181984037,3.746650854,1.977439661,3.444606838,3.677022813,0.79417975,2.419740714,0.859614009,1.069881191,1.078062329,3.040129199,1.409690672,3.166331443,1.539415745,1.831028202,1.137301751,2.41493745,3.056502728,2.110776387,1.932044187,1.729554672,4.051362663,2.645740573,3.696896955,3.770764167,2.05070532,1.363163202,0.484436652,0.664261044,1.570559072,0.876197691,0.418460875,0.63247562,2.2179371,0.884022236,2.280385633,1.346643324,1.082241941,1.556087199,4.242237446,1.847329423,1.140573919,2.238042499,1.808106296,0.919364716,0.974226472,0.408234859,3.414849354,0,1.964805427,2.222929457,1.396610943,1.416107094,1.292287697,1.039115212,0.01791681,1.198479976,1.315588021,0.413397908,1.258648554,1.947291003,0.761425129,2.03919507,1.60002019,0,0.126600679,0.227054264,0.975390188,0.528235132,2.841129034,2.008863395,0.433835607,0.719788508,3.054187309,1.311250816,4.264298712,0,0.157539814,0.498861871,0.938560212,0.457209785,0,1.661374981,0.753536281,0.255581561,0.307818061,1.64363605,0.977566473,2.357889007,0.251664922,1.551433093,1.312183277,0.0285357,0,1.360868764,0.576953719,2.687125713,0.809113356,1.410806159,0,0.042351758,1.261502813,0.582543252,1.773501552,3.474635719,1.497305677,0.952564669,2.250265619,1.036449524,2.448732748,1.907842465,2.903302627,1.303178795,2.299284905,0.60850461,2.346553976,0.947746091,1.09665116,0,2.781014932,3.444989706,2.268395855,0.068876691,0,2.540135234,0,0.441840566,0.024724544,0.416382126,0.521368657,3.27696271,0.577618157,5.025686712,3.443150807,2.048904624,1.14705591,1.114184864,0.385553441,1.472298223,1.215482148,0.524486554,0.450864911,0.627413803,4.391036506,3.049362561,1.00110818,2.946740819,1.24947221,2.190705952,0.80656947,1.085172742,1.415296004,0,0.196252821,2.547057732,3.090653163,1.554901286,1.417127248,1.423030358,2.10310114,2.295580316,0.0285357,0.582301672,0.735179259,0.663768353,0.736308381,0.48568238,1.573124298,3.844869541,0.407645379,1.120124015,3.603475204,1.992845959,3.703758562,1.453914889,0.731207743,1.488386739,0.968234945,1.458890122,1.595857302,1.279645634,3.34337428,3.439029422,0.836117021,0.625964378,0.55858639,1.390341994,1.765848859,1.745615472,0,0.584334224,2.309447855,0.325213542,0.57418821,0.320016918,0.116179887,0,0.890782526,0.874584068,0.181355698,1.609540144,0.796835279,0.362378284,4.457988741,0.511571303,0.592896061,2.646801528,2.708396004,3.685245475,3.791672927,2.319932157,1.915457525,1.330201457,2.523700573,0.695024036,0.038662317,2.057610772,2.720595457,1.474998817,2.451197081,1.079464494,1.540983988,0.945571906,0.596049542,1.698236794,1.495325488
V13,1.129202387,0,4.344267044,2.518941796,1.559125218,1.070165022,2.515187884,0.031366265,1.678637754,0.557531061,2.404955626,3.095077706,2.747451863,0.601133093,1.574343927,0.938392625,0.703393149,2.765032817,1.451521819,2.852806303,3.600646304,3.34252092,0.066860881,2.687250146,0.085070823,0.541680723,2.304811169,1.184323926,3.201741141,0,0.484681387,0.356442798,2.338813026,2.563463665,2.791967516,1.775488488,1.166501899,0,1.023923908,1.038317878,0.19741787,2.199034066,1.537480179,2.444797509,0.550011407,2.883102052,2.118160159,2.134467013,1.836228429,0.955876644,3.684555277,3.486234075,0.81297683,2.494299751,2.474786037,2.957513628,0.863593939,0.422648715,1.951277514,2.571788258,2.891169245,0.866551321,1.760164815,2.371464561,0.545052136,0,0.463613344,1.788649043,4.025776721,1.601798749,3.445873887,1.121149173,1.334327326,3.720670069,0.836061998,1.484378062,2.834986555,1.982557997,4.055783924,0.814790738,2.125571143,1.01595318,1.555896025,1.109503756,3.063828181,1.746368781,3.80501165,0.472009279,1.148821104,0.996960678,1.635428874,3.848621028,0.396207064,2.270048365,0.996684462,3.672524613,1.969936207,3.493248894,2.929795833,1.451711524,0.656101146,0.364349404,0.411643009,0.159380926,1.5535228,0.952625926,0.519244188,1.782971942,0,1.130656549,1.009046788,1.424239698,1.425848648,4.618938834,0.935523534,0.602343883,2.342363188,0.668958998,0.761799326,1.223091968,1.056709083,1.578898875,0,0.383973777,0.758287001,0.964987358,1.262474669,0.85030633,0.94333087,0.085070823,0.927782971,0.874439881,2.026387564,1.699526437,2.635167344,1.293630013,1.669922508,1.529748019,0,1.150454541,0.337006425,1.376713508,1.651589458,0.929163527,2.185131923,0.310393285,1.637023335,3.6706813,1.324195476,4.247923822,0.049634285,0.213642804,0.083808129,2.99695866,1.945120749,0.605079163,0.726956387,0,0.564655976,1.809158426,0,2.928949418,4.480582578,0,0.314381914,2.713728387,0.196308445,1.215712272,1.540965109,0,4.38067537,3.249069518,0.924081246,0,0.43990106,2.550887585,1.943803051,2.585018408,3.047430917,0.525479752,0.23237311,0.896350106,2.228938332,2.248759163,1.105051224,2.35632752,1.393903541,0.671288209,1.375067138,2.350316518,0.53314112,0.089625554,0.48018699,2.812386919,3.559718505,1.275810414,0,0,2.314269999,0,0,0.11523194,1.4842445,0.495299373,2.85468828,0,4.111129228,3.612537803,1.844253375,1.37273186,0.927615124,1.67713287,1.702521844,0.636265368,0.282397212,0.339884498,0.920512672,4.478692866,4.203816503,1.226762885,2.058255328,0.518332996,3.801843075,2.032524409,0.571810533,0.735261243,0.130976765,0.110170731,2.506176512,1.841032991,1.45454509,1.303389151,1.163268837,1.108702048,1.196296426,0.059274853,0.30319354,1.441880738,0.843462076,1.557602221,1.374970509,2.649118108,3.768223364,0.790673004,0.320414131,3.769447223,1.7252935,4.031284136,1.426603179,2.112949142,1.612253751,1.012332539,1.286725746,0.59122253,0.619330408,3.576294407,1.809875181,2.069286457,0.621331214,1.651350541,1.343605627,1.173208538,0.251043703,0,0.821708995,2.695536075,0.858762752,1.144395983,0.192136453,0.622112069,0,1.225073611,0,0.470224037,2.073791862,1.291623891,0.888410199,3.950482878,1.114961197,1.279800907,2.504897842,2.666952322,3.430875373,3.436785309,1.656826066,1.46053139,1.579029542,1.378234367,1.775494813,0.695037944,3.058533883,2.258169873,1.621519543,2.210144471,0.721242271,1.289175244,0.322872616,0.767275823,0.969459111,0.929615854
V14,0,0,0.598393778,0.316342934,2.623370247,0,3.20164578,0.446605438,2.461734514,1.500799905,3.836054496,0.118696949,2.276221848,0.255299622,2.482591501,0,1.067317454,2.190807412,1.174393859,1.464158995,1.039830437,3.317236781,0,1.15246049,0.193549086,1.521628292,1.436702391,1.207056976,3.350145784,0,1.982390585,0.164078184,2.145204946,2.88009188,2.268749039,1.867180307,1.635831961,0,0.867457253,0.659514511,0.041037122,2.663531562,1.683789444,2.693826944,1.279188255,2.652352156,2.079968836,1.596145494,0.370147002,1.88672017,3.555717231,3.411650286,0.255524054,1.864312572,2.783783421,2.0927607,0.58421685,1.609374999,0.262084377,1.528071315,2.725325099,0.970175178,1.794421198,1.636797678,1.359404332,0,1.291468549,1.50956035,3.932451742,1.998288827,3.095200735,0.488496628,0.950092532,4.262709143,1.159006211,2.267665227,2.392837527,2.893720402,4.20564515,0.04051269,2.606667182,0.748381351,1.580098312,1.6087498,2.996869962,1.447959977,3.116388102,1.122328762,1.50083448,1.874475259,2.22276059,2.728894765,0.675179168,1.80669258,1.584195921,4.111441095,1.38739177,3.240154747,3.88299733,2.011577186,1.423218786,0.489989545,0.653254573,0.818601421,0.911469466,0.144132096,0.830905704,1.702742397,0,1.912910494,1.190534025,1.248234792,1.318585397,4.447510283,1.648151731,0.844270568,2.668022207,1.79704352,1.07631411,1.245440308,0.919389859,2.734336364,0,1.614488215,1.420883466,1.544885947,1.27876381,1.390749191,1.136955763,0.053352813,1.581443269,1.490034816,0.079447806,1.034301306,1.956408018,0.238430576,2.059950479,1.328691626,0.49668371,0.503536401,0,1.110402805,0.15304558,2.13783056,1.496237843,0.646250899,0.385164695,3.14337138,1.216255672,4.691876457,0,0.126165629,0.331984627,1.205339375,2.72708978,2.021341683,0.700893751,0.656284397,1.277702857,2.802905433,0,1.847952462,2.922898522,0.557083196,0.893841378,2.131034857,2.091215681,1.181536718,1.49895666,0,2.788604911,1.840310497,1.256987918,0.610551465,0.340103086,1.7575378,1.408531076,2.21750609,3.360544208,1.738882532,1.703798546,2.002465812,1.485521498,2.515987964,0.748724437,1.510151474,1.783532517,0.74671274,1.612074512,2.533338064,1.796491587,1.124314677,0.278944783,3.121042983,3.455446532,2.220208689,0.105269461,0,2.502649356,0,0,0.465196271,0.924814603,1.274366331,3.24659964,1.504214514,4.687216552,3.69447226,2.32603005,1.853237126,0.955146793,0.599329291,1.340810878,2.112362198,0.775000012,0.630698459,1.235888971,4.30764791,3.265392934,0.950779433,3.196587471,0.31725167,2.770190898,0.717416717,0.902045343,1.024989118,0.02752129,0.195284767,2.153478554,2.948159027,1.606699302,0.912544972,1.893740268,1.987301815,1.58018249,0.090598199,0.754984624,0.441496597,0.741015138,1.191264202,0.641108829,2.074554507,3.658983559,0.669424749,1.217973688,3.906070429,2.024100841,3.589184959,2.205490639,1.410020404,1.807148834,1.111041149,1.1478359,1.276850795,1.372405137,3.5897923,2.98150088,1.783621065,0.652224469,0.771445368,1.470829157,1.515557307,0.99857969,0.121869884,0.575112499,2.5891276,0.900310729,0.146068384,0.446948768,0.16491545,0,0.776891594,0,0.79801356,1.883909048,1.515206763,1.079271069,4.523982808,0.441812198,0.932283761,2.742843505,2.495381823,3.308466525,3.824616864,2.240322927,1.118976751,2.062059018,2.738052792,1.351313462,1.141176207,2.262005546,2.476595612,1.763519051,2.534740227,0.621461726,1.323437891,0.355400586,0.706396425,1.201463587,1.370409187
V15,1.119287244,0.014807868,3.179762346,2.899524619,2.4089656,0.211640807,2.746720796,1.200746617,2.133693676,1.739261786,3.490821801,1.625430636,2.261668456,0.850999724,1.514912636,1.318693043,1.142886404,1.943867664,1.282880103,2.141363202,2.199222189,3.498817671,0,2.329964297,0.356925385,1.030851613,2.207035362,1.321482148,1.911368413,0,1.847137821,0.443285534,2.584117121,2.885232184,2.397906277,2.172849792,1.788763336,0,0.531731722,0.592896917,1.230894568,2.177352277,2.183783297,3.079429488,0.732660611,2.057810531,2.212235737,2.145141431,0.937806847,2.192770149,2.37721425,3.71051786,0.602022647,1.581602043,2.653832361,2.799116414,1.263734569,1.610484192,0.869131403,2.358525926,2.523609937,2.104990221,2.108576229,1.798526062,0.381247707,0.090046538,1.231045523,1.648122996,4.348362573,2.109938694,3.349311128,1.175806579,1.364831276,3.966507422,1.59397912,2.202768704,2.298198818,2.940116845,3.649474944,0,2.325750131,0.789892017,1.130575942,1.4109139,3.089892418,1.360837336,2.509778524,1.230852874,1.646430954,2.483778474,2.599678651,3.082450851,1.302452496,1.841305194,2.160862876,3.559020406,2.421573952,3.671158424,3.830768535,2.078935877,0.997378321,1.209041556,1.244317217,0.790259782,1.321445621,0.569695957,0.8577856,2.181267075,0,1.51622326,1.220972179,1.02446797,1.192191122,4.314205732,1.357613794,0.852192226,3.066783711,1.368502589,1.056145962,1.56760143,0.584901177,2.817798215,0,1.014939273,2.110113111,1.518718585,1.575924334,1.136271222,1.614465707,0.067387784,1.750913504,1.658819619,0.644962082,1.188566478,1.726246791,1.135075867,1.687706952,1.361531126,0,0.748278403,0.1073696,1.164287269,1.076496884,2.249720509,1.948302624,0.807931009,1.61617551,2.973436452,1.603627217,4.680362249,0.169507476,0.635249524,0.646921685,2.688522183,2.580698328,1.540461997,1.163556435,0.07496461,2.10800182,1.635569618,0,3.076457732,4.122661225,0.049133508,0.685557655,3.417894769,1.051391332,1.433769329,2.611677866,0.192201793,3.743329609,3.213520573,0.994579505,0.244073746,0.689730673,2.354119259,1.893943917,2.972280142,3.098713147,1.082645791,1.08958855,0.614872055,2.497864814,2.459816893,1.465541844,2.595144848,2.017941191,1.166368105,1.664339638,2.488040072,1.094000549,0.052831261,0.641495767,3.182919158,3.110357168,1.309007694,0.053336205,0,2.724647178,0,0.165501543,0.016386342,1.232863581,0.879409026,3.344643675,1.610301404,3.170304894,3.595894355,2.27092675,1.50445558,0.987321832,1.602840223,1.330847306,1.362681835,1.276941021,0.68270294,1.615674215,4.654148137,3.956698957,1.499282142,2.638610626,1.386834106,3.486593608,1.693783096,1.034497337,0.8528385,2.156378027,1.483417044,2.86125991,2.988897137,1.888718306,1.522928823,1.594198879,1.206666972,1.46545015,0.340587988,0.566324064,1.378756905,1.034594782,1.411754257,1.638320848,2.425351592,2.635256782,1.299865132,0.864121796,3.490647294,1.785533123,4.505929952,2.00953735,2.119973345,1.964172538,1.70605961,1.578269439,1.939265418,0.839201049,3.432472306,2.37687279,1.781625353,1.110907667,1.298898928,2.050668416,1.481687438,0.325876971,0,0.857246329,2.788409872,1.441210407,1.165107876,0.673489594,0.546521961,0,1.42295017,0,1.326072913,1.891643402,1.374868267,0.870238238,4.449008261,1.268549203,1.35686247,2.654117985,2.352299363,2.557463482,3.489582943,2.259841472,1.266001689,1.311196477,1.855533286,1.804119337,0.254911093,2.576447191,2.821488796,1.440921045,1.773728613,1.014615808,1.313185359,0.365342001,1.369576509,1.028839541,0.785029721
V16,0.19303271,0,3.154757851,0.260070341,2.419840547,1.82490185,3.217129167,2.814373865,3.064893852,1.951101809,3.621748811,1.998007985,2.835642046,0.124377523,2.547176671,0,2.035865738,1.701434977,1.789984135,1.117583554,2.245448868,3.339147496,0.119837751,0.65624735,2.478238997,2.15102161,1.408159113,1.357403546,2.785879131,0,1.885493792,0,2.774026669,2.544425011,2.383656574,2.001047435,2.388862486,0,0.9729105,0.593691874,1.8989884,1.929725924,2.146647825,3.133410555,1.33645105,2.770834858,2.654084491,2.165044409,1.408587249,1.956116701,3.623347119,3.453468551,0.530146066,2.155257469,2.612645166,2.181622391,0.748604542,1.633316766,0.462711989,1.968969707,2.497016698,0.29559216,2.617995766,1.893664601,1.467429685,0.201945739,0.717546609,1.756781845,4.115878785,2.346829811,3.009171828,1.1868644,1.204742966,4.085680945,1.63194679,2.570028467,1.902204961,3.17437012,3.31401837,1.173501941,2.569027255,1.626533927,0.979436706,0.801250518,2.558886325,1.274385167,3.214942587,1.169364341,1.851407178,1.687800076,2.538040076,2.540821949,1.174403058,2.399743875,1.792772425,3.604928717,1.955795984,3.832181353,4.062391468,2.716574751,0.936215329,0.792664626,1.731450505,1.077010125,1.718594435,0.360587507,0.452524078,2.267739957,0,1.824716283,0.840199899,0.199685604,1.955954703,4.412567981,1.131813635,1.500118814,2.475942267,1.293109273,0.952176507,1.406374203,0.361053595,3.654294805,0.320727434,1.272781461,1.982115177,1.718598363,1.540150807,1.149084813,1.739647466,0.040771224,1.949410696,1.414290568,0.80559886,0.46437049,1.940758386,0.32054554,1.167618285,1.94023299,0,0.416727666,0.285601682,1.508533954,0.083154519,2.4163762,1.820033561,0.843704255,0.583880002,3.355283899,1.044729984,4.317579306,0.049509686,0.801656683,1.03041339,0.617313315,2.50632009,1.338434206,1.465047462,0.018294755,2.497331727,1.725682408,0,1.754140067,3.20111051,0.120463433,1.074710792,2.452628277,0.857384337,1.269693301,1.659895624,0.812294673,2.811616831,2.394994837,2.118871185,0.249518322,0,1.595511369,1.451101134,2.129828367,2.855210989,2.051741889,1.527689149,1.75598024,1.412709956,2.909852331,1.605658647,1.677378236,1.8514576,1.786219881,1.697360863,2.98195565,1.031278587,1.154790797,0,2.271257952,3.125351545,1.391085496,0.042049853,0.083543313,2.725729358,0.024827492,0.029153184,0.288245318,0.439115904,1.305011578,3.088407738,0.042183974,3.902626229,3.397350833,2.502906127,1.417445165,0.777231924,0.423269486,2.023108957,1.689089273,0.538757467,0.32777328,1.070139298,4.131452581,4.076339177,0.98965211,2.925073358,0.86424971,2.481853591,1.050721355,0.134215637,0.488318558,0.084673394,0.104176014,2.251648142,2.649377275,2.040952045,1.810804005,1.342590833,1.115055068,1.069145686,1.658050789,0.446680512,0.138125955,0.179328812,0.916694909,0.507274783,2.068644215,3.463491631,0.827204917,1.165125364,3.575858913,2.379302538,4.357918856,1.903956218,1.532601765,1.445072731,1.464197148,1.483256547,1.112161314,0.553804132,3.004753766,3.009459661,1.648497876,1.097928217,0.578391109,2.12273587,1.459395486,0.607775832,0,0.871264639,2.717914707,0.764268246,0.529707629,0.56186272,0.427731498,0,1.026700859,0,0.257454295,1.648516079,0.973759147,0.415942659,3.822886727,0.733410496,0.955277047,2.76737671,2.301123553,2.968383962,4.235667755,1.968397632,1.501019867,1.476701329,2.527741523,1.290832839,0.809562938,1.813738651,2.485858045,1.829883575,2.287533145,1.021146669,1.499577923,0.488812278,1.075322613,1.114492272,1.073780828
V17,3.734482841,0,1.411892337,0.101525652,3.345126791,0.342432158,1.439923708,0.265605569,2.246135728,1.623744593,3.994175417,0.402418843,1.959612837,1.013073569,3.871118317,0,1.681877991,2.474207421,1.759021237,1.969964053,1.329113747,3.230010241,0.26968646,1.15886438,0.935684573,2.198769642,0.781084017,0,2.801767723,0.139563963,2.31699024,0.619684486,2.61386859,2.363365565,2.292165125,1.999232282,2.692828814,0.874617652,0.57850213,1.38868504,0.301822263,1.555778443,1.187307148,2.899449968,1.73174223,2.19864015,2.183830662,2.249120631,0.468502705,2.130185399,3.603180538,3.13600941,0.401840216,2.491994656,2.014226708,1.932567043,0.831236327,1.90861354,0.206443385,1.527734321,2.35440411,1.68228298,2.333128189,1.770265143,1.248077991,0.125870129,2.138231913,1.555988869,3.56643036,2.317862046,2.45830625,0.901164842,0.957414126,4.597517076,1.585212312,2.81735421,1.925926661,3.05279727,3.485050607,0,2.501923387,0.582105436,0.649463059,1.053926435,2.822078581,1.430513938,2.832948292,1.689961895,1.955745099,1.979889757,2.86890439,2.978151734,2.274163535,2.081789024,1.758545134,4.148939929,2.585410967,3.347730729,4.441064511,2.124431492,1.181770767,0.659554394,0.973642671,1.426669056,1.456547093,0.104903466,0.847622121,2.113801008,0.918038014,1.710573091,1.578745034,1.400912576,1.563070347,3.901046707,2.30616274,1.344119477,3.35496434,1.967954992,0.538654091,0.704260939,0.523569999,3.359915628,0.195498881,1.780988909,2.245930513,1.700221006,1.610755272,1.607740205,1.445052696,0,1.226549084,1.117602043,0.064022679,1.893966343,1.911291741,0.463507697,1.894576789,1.119440694,0.267463331,1.142715551,0.359021709,0.824340008,0.040798009,2.758997146,1.607633521,0.565490275,0.619444866,3.007450743,1.341249106,4.794085584,0.127410605,1.800691786,2.028989568,0.215761836,1.279403971,0.191218251,1.061204412,0.450715483,0.75527371,0.201372984,1.481686673,1.439200176,2.400318223,0.686238398,0.23484629,2.06163287,0.266236646,0,1.620632471,0.607769602,2.340537862,1.443542832,2.815481836,1.569684188,0.620026438,0.75229333,1.120142102,1.242169301,2.331601099,0.850924731,0.623841069,0.406590005,0.880642908,3.169978357,1.28647273,3.125730259,1.503047928,1.391299073,1.256159675,2.519101952,0.559969299,1.030669959,0.352997579,2.211605677,3.456397356,1.827741916,0.201729124,0.040389207,2.789006223,0.403989127,1.424786986,0.347068849,0.582958754,0.479328155,3.264122889,0.215588809,4.406297219,3.423086038,1.509361259,1.891356511,1.596676775,0.235754881,0.756322804,0.736983018,0.06205946,0.769565084,0.493227514,4.412954597,3.379286082,1.185372739,2.837372409,0.837083142,2.345369686,1.015672263,0.154761275,0.499002619,0,0.254896373,1.888290881,2.8736598,1.914922739,1.938322203,1.620362139,1.585417511,1.423343221,0.100567632,0.577985432,0.465453787,0.309102606,0.276242398,0.405495086,1.815143829,3.504734844,0.499159476,1.497252331,4.127741884,1.384741004,4.266267721,1.860729386,1.758915075,1.14450509,1.574974468,0.797046956,1.1800232,0.490115935,3.103141161,2.398592067,1.028799295,0.636433809,0.561849929,1.100004733,1.27398132,0.761280534,0.109751241,0.523894354,2.571494105,0.63630315,0.258064836,0.572635804,0.32185124,0,0.478525938,0.599094706,0.256424106,1.775189234,1.195495295,0.253866778,4.246634032,0.363905422,0.469169046,2.167552856,2.219305199,3.601329115,4.30644064,2.239350026,1.171967815,1.240344206,2.492621571,1.098806364,0.854338857,1.863781649,2.598235544,2.311720738,2.809971652,0.526292079,1.202100523,1.22786808,0.61913243,0.753143261,1.881154816
V18,0,0,0,0.384270298,2.801160188,0.078523402,3.588112783,0.188213425,3.021197217,3.085350098,4.506358604,0,2.058040072,0,1.599406645,0,1.051887636,2.789981366,2.330457806,1.501263542,1.514575135,3.401414463,0.132595156,1.188910874,0.510328921,1.482538941,2.245915733,0,3.073013654,0,1.978397019,0,2.786307651,2.876720644,2.605369418,2.496505547,2.05499,0.915795956,1.797031747,0.591675296,0.078523402,1.851707475,2.053829222,3.134594872,1.617023761,2.061476421,2.380567983,1.994137461,0.296325677,1.970727635,4.248661804,2.940387877,0,3.001083952,2.656912971,2.183452468,0.332587032,1.977143054,0.559308769,1.659056855,2.456189795,0.796462541,2.496862348,1.766718246,1.012047729,0,0.823063374,1.665265731,4.718818371,1.95391106,3.382602475,1.243594904,1.625621188,4.078276722,1.69500988,2.907532183,2.008974691,3.612947073,3.749645958,0,2.456865242,0.632067774,1.664204234,0.235560825,2.454085925,1.233401235,3.111525512,2.041509042,1.495689452,2.083869382,2.429464332,2.458243934,1.756769253,2.567083097,1.534960256,3.573238427,1.869877748,3.841270433,4.234740208,2.323813961,1.71520407,0,1.275874466,0.35469595,1.028045461,1.082693447,0.319834277,2.187222932,1.582512064,2.052475277,0.895013556,0.616418408,1.462841828,4.439216948,1.942654767,1.249559338,3.412571083,1.486216504,1.559309411,1.337136872,0.967634785,3.205209922,0.110761944,1.823381441,2.153781462,1.649730275,1.424098219,0.973724245,1.824763746,0,1.619080035,1.184573463,0.110761944,1.57629805,2.125366294,0.983151147,1.962768022,1.556833811,0,0.525203103,0.066638025,0.713330594,0.28671249,2.189387503,2.182573837,0.460369284,0.878320937,3.529428362,1.82441508,4.72721819,0,0.7755217,1.366197313,1.301273411,1.962095451,0.67720651,0,1.689266541,0.082861055,1.287792769,1.559822546,2.053624827,4.051605491,0.062023459,0.449600069,2.697177455,0.930934908,0,2.107960685,0.991392936,3.573647436,2.151499959,1.547602157,0,0,2.116202205,1.421938644,2.477983505,3.120144884,2.066677365,0.403739889,1.793057984,2.285432605,2.782399334,1.836123224,1.502113002,1.273960742,1.629319928,1.318888129,2.863110565,0.817872529,0.924053968,0,3.053568675,2.985235529,2.39057012,0.037281308,0,2.718509,0.218560071,1.498774805,0,0.865136957,0.684814533,3.352940255,0,4.837593785,3.207759454,2.031149608,0.784209613,1.169329109,0.467266928,1.005033593,1.130160531,0.33382684,0.422400166,1.151630838,4.473299916,3.853538467,1.748346856,3.416906195,0.99931922,2.77211771,1.162516278,0.798080799,0.992391072,0.037281308,0.263579954,2.698915865,2.854722133,2.052589622,1.684781485,1.829874084,1.450672843,1.917763294,0.102069522,0.883820488,0.333794841,0.68512798,0.751650169,0.706624727,1.581033528,3.872528913,0.902776012,1.210795993,3.625692563,2.005939853,4.321232638,1.393635106,0.945952888,2.370915904,0.825802559,1.616134627,1.649486348,1.283536546,3.07873885,2.795164395,1.068134339,0.818641512,0.816048274,1.612263803,1.96030929,1.184307117,0,0.707286439,2.413473897,0.626860577,1.076729302,0.553226032,0.382216777,0,1.13656492,0.92751814,0.419535466,1.862970038,0.64066985,1.048997068,4.534821103,0.940728018,1.262612361,2.855880157,2.845055841,3.621075787,4.011733721,2.439340509,1.325459405,1.516703164,2.225514235,1.011614206,0.240095454,2.49073628,3.014101945,1.347474981,2.623552838,1.159386108,1.963445979,0.502894348,0.973946973,1.153781443,1.014503708
V19,1.510912734,2.321560134,0.934765009,0.211509563,2.99418663,0.23293705,3.296728357,0.32198289,3.015593094,2.143061034,3.929954407,0.452087566,2.423824538,2.997616055,2.337421205,0,0.942085585,1.596791217,0.834632307,1.483091053,2.333457754,3.199755844,0.130197956,0.937617094,0.24430056,0.879193103,1.556512516,1.322336679,2.032372139,0,1.59056968,2.877855471,2.401405322,2.88604688,2.258682266,2.210425104,2.07997745,0,0.469455468,1.768025544,0,2.467416802,2.675561355,3.161274979,1.276565142,2.110216884,2.35646254,2.380278924,0.929704028,1.572073978,3.622052658,4.13796766,0.176868892,2.581076684,2.835764649,2.40372971,0.489633941,1.817401967,0.593536525,1.76983444,2.213875414,1.613648368,2.344741209,1.705268278,0.424772854,0.059125729,1.566421277,0.84686054,4.102653497,2.354264732,3.676560854,1.332893522,0.58143157,4.248359102,1.494496367,2.344473097,2.136292546,2.885205694,3.924689108,0.282893371,2.217178046,0.830867143,1.65512755,1.26541769,3.267429722,1.55910103,2.711805363,1.483602551,2.088158361,2.503137036,2.754768713,2.334671566,1.27028895,1.997448564,1.464107605,3.566075493,2.488984372,3.445084774,4.442230208,2.078359047,1.05275009,1.361071003,1.516768829,0.606467918,1.342913437,0.256884111,0.90031714,1.806131855,0,1.646527239,0.08401174,1.260987433,1.391845178,4.54437495,1.424421143,0.938874163,2.883974628,1.073799597,1.135004433,1.680698918,0.954654426,2.974150532,0.030976613,1.335000018,1.950334137,1.832173275,1.401964121,1.149511954,1.973740824,0.218656601,2.042347863,1.894851372,0.092572316,0.756007959,1.951812273,0.449415385,1.63649467,1.17236139,0.342300235,0.087476294,0.052409317,1.226407941,0.194759944,1.805269242,1.768001546,1.3661051,0.428254945,2.83118935,1.852516819,4.607202893,3.03224268,2.140544508,2.379823023,2.404008734,2.603882839,2.145056922,1.817337826,1.060706966,0.107238356,1.565997578,0,2.682229977,3.741823491,1.508863259,1.02841802,2.850444926,1.454925801,1.252774861,1.820661969,0.534600014,3.509767004,2.662082216,2.069496169,0.095054406,2.674690831,2.276273314,1.500824765,2.813889535,3.028266789,1.307104824,0,0.936983587,2.033820715,2.602163761,1.042363884,2.524288557,1.506445502,1.385638087,2.306819232,2.604254439,0.438407337,0.064353938,2.407077714,3.234236379,3.212201312,1.388347139,0.123823171,0,2.779569062,1.165807977,0.19276956,0.023083985,1.347370076,0.242984251,3.881942987,0.700397926,4.306648247,3.536903754,2.245713128,1.972135023,1.310096476,1.492739361,0.835715987,0.677388152,0.286415829,0.154335401,1.035981021,4.571142968,4.073280466,1.482168574,2.651457848,1.294017283,3.138215689,1.458805477,0.618023799,0.815490431,0.078685753,0.853265103,2.782917343,2.129233372,1.812837046,2.026857493,1.717519173,1.190462393,1.435862429,0.059961108,1.211451847,1.113586649,1.372670839,1.549055957,1.346132619,2.293441924,3.143683046,1.485231149,0.313934358,3.561789002,0.976025711,4.485354989,1.662917974,1.960825911,1.812770103,0.925169753,1.262044493,1.924260006,0.688786549,3.380107111,2.351514201,2.091235757,0.934890145,1.187806279,1.655917633,1.433757648,0.347676705,0.121111429,0.656823379,2.391390653,0.987713319,1.129812462,0.080167293,0.730416764,0,1.343853392,0,1.306653769,2.114784334,1.196008398,0.054697741,4.348579212,1.333216894,1.00158195,2.9429344,2.444072515,3.575560205,3.962151258,1.689170479,1.449746439,1.094562554,1.554759411,1.891259492,0.312818306,2.615842679,2.634703004,1.391966245,2.105413389,0.752029094,1.525093522,0.153267071,1.104692508,0.729245087,0.852164808
V20,3.648462804,0.039766671,0.558105583,0.072242226,3.401813419,1.124744905,2.475055203,1.537042284,1.628221433,1.753117002,2.57418437,0.104218576,2.61377823,0.335108772,3.294400735,0,2.229482087,1.458722837,1.977116253,1.461879984,1.719277935,3.707550679,0,0.858569055,0.918241904,1.367922799,1.322870032,1.227527287,2.206772436,0.120449588,2.396587688,0.276968394,2.79125998,2.565955478,2.468356421,2.992521664,2.508271102,0,0.231218046,1.260945723,0.192892602,1.922680636,1.664941443,3.287437159,0.743639861,2.151623428,2.178600973,2.538158925,0.860349037,2.421880003,2.857220143,4.30813635,0.598844198,2.182450143,2.665520398,2.278386573,0.334308485,2.071932804,0.508357403,1.706275801,2.335567879,0.8312874,2.333154287,1.294531287,0.585144507,0.80485661,1.780771336,1.886444263,3.525834765,2.642250263,3.140188517,1.488993083,1.166222673,4.02634589,1.022606581,2.830759612,1.730607203,3.556277609,3.697042348,0.454548885,2.295746555,1.31470331,1.058857987,1.32408036,2.841465793,1.423996617,2.865382401,1.290298163,1.755111222,1.605167806,2.726083954,2.140014276,1.829261061,2.042684179,2.25030199,3.401772434,1.646796219,2.686796566,4.080833064,2.61534923,1.412431988,1.113466968,1.171944373,1.771136423,1.427767734,0.174279006,0.589385113,2.731780124,0,1.849639984,0.741269902,1.363268703,2.243609667,4.612530736,2.186035105,1.838189017,2.886620359,1.410423744,1.397344668,1.507833368,0.982426855,3.684286029,0.05815592,1.189268335,2.419950025,1.38774585,1.645128268,1.510992782,1.578507148,0.018990316,1.326775632,1.646978588,0.104852649,1.237138898,1.792406678,0.678581878,1.682871191,1.542802111,0,0.541740526,0.05021135,1.407822364,0,2.45775599,1.829114491,0.723901955,0.710711799,3.013571607,1.331543247,4.487680055,0.221509799,0.398234227,0.51110538,2.403457268,1.444219454,0.828715829,1.822466223,0.029825359,0.524771832,1.12613479,0,3.277018022,4.109775784,0.260822008,1.841438111,3.425641408,1.019366162,1.383598912,1.646273062,0.919266819,3.580070484,2.87168256,2.219631547,2.015875435,0.057671718,2.062605839,1.381725619,2.422314186,3.399752463,1.005946644,0.184847478,1.275781661,2.191592214,2.83994482,1.458562631,1.599475673,1.66434342,1.958013682,1.849681379,2.925526184,1.492676381,0.421939043,0.070989329,3.327842716,2.888006591,1.10689909,0,0.041538868,2.596484461,0.039842098,0.712340408,0.798828186,0.655252012,1.682401118,3.26531734,0.347800974,3.493272709,3.44292567,2.110271188,1.308482122,1.021943085,1.070633424,1.352850629,1.822766727,0.974163462,0.460312342,0.903888711,4.571976601,3.376705729,1.190884405,3.268787715,1.707536315,3.325521649,1.280731904,0.83028299,1.083944624,0,1.155922709,2.635043982,2.650862033,1.991758408,1.543651036,1.622832021,1.73161485,1.211720113,0.692876098,1.402287254,0.97581833,1.081179108,1.111816746,1.223639331,1.875450865,3.26867633,1.58213166,1.001551691,3.365253419,2.409298032,4.254538556,2.179593026,1.533747682,2.304330006,1.211128223,2.094496688,1.26086959,1.376845922,3.189154162,2.968244357,2.105224032,1.155624701,0.887297357,2.222753319,1.623888298,0.59076744,0,0.853088821,2.646175571,1.020358948,1.017896154,0.163195408,0.326373402,0.033705224,1.296341408,0,0.613830546,1.938393627,1.059450163,0.25808235,4.533025763,1.093972078,0.817194715,2.657599481,1.972056459,3.038574524,4.081596499,2.459838575,2.269340105,1.644383831,2.003651048,1.684144298,0.400359291,2.506880251,2.886463517,1.258676968,2.421975111,1.248415194,1.278590549,0.47127637,0.773981231,0.67889203,0.914699992
V21,3.206561623,2.567242879,1.715683183,0.215038281,2.984083156,0.650799865,2.777603306,1.208146051,2.323058499,1.534375711,3.057605053,1.279936382,2.538533755,0.115346413,2.928781609,1.431065027,2.665062985,1.948355123,1.466927036,1.979467672,2.220390444,3.252711517,0.058472899,1.778489737,1.195790504,1.733270117,1.213095449,0,2.465333195,0,2.785341424,0,2.849231567,2.959036229,2.581187217,2.944356945,2.108213078,1.30186828,0.207044906,0.854130047,0.024668672,2.379883262,2.331509247,3.414971921,1.468174991,2.018239128,2.184569438,2.458575521,2.033220105,2.327427291,3.870372795,3.666669485,0.178960465,2.420285513,2.623793918,2.670835994,0.574461551,1.899207229,1.208380598,1.92640397,2.195283919,1.425230949,1.996303835,1.406597084,1.265253449,0.129827825,1.204411892,1.667760003,3.872881905,2.108992599,3.072966359,1.870062198,0.953158386,4.134082056,1.108887302,2.841284096,2.302742349,3.220461551,3.507836026,0.901466372,2.413073415,0.891688351,0.857460466,1.013500167,2.666447836,1.275341495,3.157697386,1.452645839,1.710173758,1.744555829,3.137526758,2.631219262,2.045844655,2.570527465,1.967075877,3.678720362,1.596736912,3.125203848,4.241867859,2.424387004,1.246646246,1.231309141,1.164494137,1.662584938,1.19899679,0.673400861,0.408219384,2.614931537,1.103125639,1.365945692,1.03040493,0.962767547,1.560521661,4.704127279,1.666890262,1.711231633,2.8705794,1.480629119,1.041263921,1.422171682,0.527739078,3.210823082,0.220464478,1.047467291,2.31911708,1.513057393,1.876509945,1.3637662,1.320720522,0,1.079504884,0.930935334,0.398203818,1.216333436,1.766820595,0.922639104,1.597506285,1.636689374,0,0.299868627,0.716474815,1.149204383,0.603362419,2.5648094,2.171058446,0.470245014,1.025673506,3.060120333,1.186495053,4.861417215,3.130977852,0.990085537,1.312472943,1.939129476,2.536180587,1.492771366,0.944837713,0.058707813,0.177455068,2.324439355,1.650623523,2.785452493,4.313287046,0.726155556,1.071451668,3.908133185,0.867253197,0,2.328299393,0.472052699,3.610106543,2.838109554,1.743130238,2.382430811,0.019127479,2.165570951,1.524393404,2.732896995,2.91053107,2.154571123,0.56351583,1.027184504,2.237264567,2.749695985,1.447982221,1.670609355,2.169558629,2.060606457,1.801104758,2.802674324,0.84398487,1.358933142,0,3.308814347,2.981562452,1.138720389,0,0,2.764653371,0.380299826,1.006554836,0.119672226,1.122866197,0.900529576,3.428939975,1.104788708,4.36702344,3.201126798,2.14394126,1.486971145,1.742702188,1.046131247,1.014092024,1.283776832,0.668943215,0.893878495,1.039662056,4.4985184,4.452675399,1.831376153,2.754456729,1.371582868,3.127239652,1.247991673,0.946613142,1.202510079,0.10555068,0.7415734,2.349034756,2.921012962,1.919496631,1.180812611,1.441748232,1.307009494,1.047662909,0.109965191,0.526577023,0.799477901,0.78779067,1.128831529,1.480688757,1.819220113,3.308423716,1.342780747,1.034974529,3.971816279,1.923356353,4.496672313,2.071880134,1.646299652,2.114208322,1.335829136,1.693254799,1.289216226,1.31816669,2.954537683,2.71709405,2.2575551,0.975215539,1.1810375,1.578711634,0.993365119,0.642545833,0,0.581520975,2.764780037,0.71361881,0.991291879,0.075548835,0.49665326,0,1.317317053,0.907103938,0.325401052,2.004174257,0.921801032,0.567888634,4.346409979,0.712221648,0.955570247,2.308180166,2.303475985,3.255591545,4.061153374,2.059572266,1.322485634,1.703009154,1.960167214,1.382397456,0.453222989,2.621385832,3.033526022,1.796288314,2.096500599,1.052701813,1.582243139,1.009785233,1.086122761,0.941339909,0.943575808
V22,0.216160953,2.00558147,1.250730607,0,4.057976418,0,3.50145498,0.296604625,3.161081168,1.609191603,4.545994878,0.175929817,0.831991797,1.734024231,1.68557369,0,1.08874326,2.403511569,1.025891118,1.543568889,1.469915353,3.287324773,1.609643635,0.700638973,1.174432574,1.449511357,0.684028795,1.497411554,3.961690108,1.224929655,2.682934603,1.335228328,3.184454411,1.801896861,2.48829741,1.795236783,2.284870526,0,2.092623355,0.630065529,0,1.146630219,1.978700428,1.996149355,2.372564057,1.555688908,1.829186425,2.246295469,0.380401273,0.922777125,2.895529046,2.406871094,0.306248067,1.680494201,1.756530386,2.03518869,1.253503527,1.880394645,0.154388567,2.049761099,2.164095851,1.05206546,2.790455383,0.793936536,0.278714081,0.087221276,2.574258401,0.623475531,4.2303097,2.194342675,1.893824052,0.476913623,0.792975929,3.871484236,1.350887945,3.237888885,2.322060867,3.717839659,2.830519958,0,2.338287278,1.109571205,0.571091389,1.390686141,3.246921235,1.258466656,2.039260205,1.564820428,1.507450627,1.196535548,2.674716081,2.401061612,1.395364013,1.320750208,1.306490435,3.56763539,2.501022845,3.570422452,4.016630286,2.392722737,0.667322674,1.017146017,0.817755495,0.806001668,0.702434853,0.030516873,0.475848773,0.802205246,0,2.073139218,0.095170474,1.200927166,1.12020737,3.557882935,1.680101292,0.601582387,1.755893152,2.176703929,0.440936081,0.568720042,0.596979991,3.472724491,0.444659455,2.148731929,2.01005906,1.410536921,1.795529748,1.023190685,1.005923786,0.36006534,1.580556988,1.761552676,0.052004334,1.341815783,1.585661021,0.536971282,1.631792861,0.807906289,0.056683633,0.429141835,0,0.861192919,0,3.156397874,1.682493174,0.892151758,0.364791788,2.039896014,1.672560366,4.819174575,3.176022671,1.485554384,1.704471153,0.902556176,3.305731325,3.142019876,2.112618574,2.181246871,0.039205335,2.141386662,0,1.644278101,2.901865087,0,2.962941823,1.410723982,2.219622207,1.637526419,1.34770348,0.936654284,2.569133375,1.615805359,1.831854381,0.034526306,1.160640381,0.984105756,0.733474319,1.730776271,4.30387907,0.855621307,0.06081306,0.864044265,1.348107772,2.479885619,1.585981925,2.604240722,1.223622802,1.447230746,1.984257055,2.592592197,0.936265579,1.822564111,0.959940557,4.01224115,3.084385263,2.156769242,0.246930448,1.013840809,2.019981237,0.751586031,0.022332326,0.054453,0.65292037,0.680010351,3.45436971,0.988630425,4.397127859,3.239056517,1.538644681,2.083103257,0.633747997,0.300288174,0.915126861,1.369778016,1.23660783,0.122054643,1.144194484,4.426697877,3.972653957,0.821090107,3.140478379,0.332776285,2.232067952,1.014896382,0.719633696,0.648999044,0.020531314,1.536038539,3.307056613,2.591938547,1.502795283,1.392240802,2.653605868,2.067986321,1.890833123,0,1.507848755,0.883016271,1.073051004,0.248541389,0.515062075,2.301501938,4.185793842,1.302834157,0.869000607,3.563081096,1.958632056,4.060146583,1.746701921,1.879446582,2.689686555,1.084238144,1.497072978,1.843185684,1.398834922,2.989202297,2.53895084,1.409892088,0.476308674,0.483288215,1.755611556,1.710519676,0.979553851,0,0.528599464,2.773146937,1.266628839,0.616969751,0.281866578,0.781297216,0.709097222,1.154774387,0,1.398086166,2.296058447,0.716482087,0.519048081,5.220454127,0.685284768,0.868076993,3.189147868,2.567685821,3.47571605,3.864356119,1.674985796,1.182629182,0.93103427,2.320454931,1.290853475,0.949983096,2.198052528,2.884080453,0.647415596,3.021326212,1.333883114,2.154925772,0.088252986,0.85386649,1.783424888,0.885765249
V23,0,3.230338727,0,0.189934185,0.498512827,0,3.257956291,2.146460266,2.464441774,0.487051264,3.188247827,0,0.726763791,0.362627991,1.113829561,0,0.864739816,2.537592847,1.833834726,0,2.481075762,2.986473249,1.844414751,1.22848885,0,1.659375872,2.363947379,0,3.386383127,1.394475534,0.623636856,0,2.507395862,1.290762437,3.089146243,1.329412567,1.338901351,1.573725857,1.228850402,2.193496111,0,0.915218878,1.614572477,1.81089213,1.291588718,2.826304032,2.692061341,1.880349842,0.924460034,0.576891286,4.702833856,2.550374995,0,3.641976185,1.877343445,2.989939496,0.332476369,1.405501205,1.524945759,2.799936966,2.261075086,1.166871237,2.313961763,1.409281239,0.458570291,0,1.257068093,2.653732541,4.078198515,1.274093436,2.749872677,1.625335024,0.323547199,2.851328476,0.862283578,2.10974872,1.951056911,2.589782525,3.024021289,0,2.569265954,1.358968984,0.567608203,0.504194719,4.035136711,1.613330624,4.023678965,0.642071409,0.587987429,1.762281406,2.080974173,2.924848051,0.937782536,3.160541325,1.355072546,2.72727602,2.813675203,3.56372541,3.527640307,2.46180926,0.315171163,0.189934185,2.29702775,0.627239094,0.151407617,0.3819103,0.757538863,2.074907845,0.607959623,1.28575005,0,1.666082149,1.567217263,3.678626043,1.484914913,0.409131751,3.759823694,2.153794658,0.586794203,0.169951136,2.021421083,2.665098219,0,0.776000439,1.045752522,1.009501261,1.070453958,1.186485791,1.694275034,1.392659805,0.316736494,0.847519688,0.409131751,1.116614742,3.100386716,1.553162867,0.759254905,1.572338681,0,1.069441768,0,1.41951476,0,2.003992264,2.26936181,0.358916346,0.807739672,3.93459918,0.62106363,3.676210407,3.268872799,2.189763768,2.122861322,0.715481705,4.171960412,3.435228946,1.580121466,2.149808533,1.155394103,3.624983815,1.404049758,2.334734626,3.129091162,1.76590546,0,2.439139808,2.747974674,0,2.865795512,1.237619622,2.823413544,1.668715635,2.078634231,0.519964541,0.250376399,1.370711781,1.760921656,1.535090011,2.843604043,0.778491602,1.528649874,1.380465101,0.930405561,2.822362316,1.594023826,2.881112406,2.450175281,1.277796217,2.3038913,2.886576973,0.278642606,0.107502108,0,3.319140303,2.115633679,2.019901824,0.598935479,1.343258936,2.712029212,0.530009696,0,0.564350332,1.71101323,0.67498579,2.765198883,0.076479921,4.659054015,2.769049559,1.70496324,1.412439955,1.770675717,0.721291923,1.875613583,0.897028384,1.120464019,1.031442156,1.269869836,3.399392424,3.599566974,2.139257868,3.706684415,1.228938686,3.209693394,1.971980462,0.2760563,0,0.130843821,0.322971594,2.642889094,2.326425948,1.8226095,1.813932765,1.303790305,1.624820115,1.058490516,0.829677746,0.374012635,0.265152618,0,0.357178453,0.413090318,2.77913498,3.857820427,0.410911833,0.898668438,3.320397126,1.664666268,4.3215665,2.616213024,1.915955846,1.745982306,1.923428223,1.327858506,1.683598245,0.629756873,2.244445849,1.919378385,1.5413238,0.259533513,0.658548368,2.33095249,1.088984664,0.251953105,0,0.947758601,3.209135881,0.772698571,0.319039554,0.175041816,0.86006058,0.93039806,1.716978136,0.808543094,0.195063934,2.032908981,1.812559925,0.249733235,4.855689634,0.207565546,1.101436463,2.539972189,2.816158658,3.841835339,3.879162726,1.109541521,1.127043766,1.260629751,1.662633693,2.091694145,1.377930034,2.424163925,3.388262261,1.243732606,3.061783736,1.779774642,1.533995137,0.371407561,1.091101772,0.939175949,1.162492816
V24,1.080466845,0.064976896,1.585883266,0.064976896,1.03804248,1.725715918,2.726504822,3.238251045,2.558879809,0.751507217,2.913334822,0.752654499,1.586626719,0.059181513,2.840835564,0,1.486881319,1.796117437,1.905653557,0.985128305,2.52872262,3.397009735,0,0.974864109,1.097182398,1.323933546,0.981654403,1.074219696,3.021617834,0,1.434964838,0,2.469810361,1.404662274,3.101040755,2.243614755,2.069175598,0,1.631756606,1.553252063,0,1.0163552,1.549879887,2.922076742,1.661050279,2.570207814,2.097018665,2.358096162,0.756961044,1.437444651,4.389387531,2.273123303,0.802929774,3.31712442,1.287103685,3.450061091,0.515938326,1.328579292,1.455365475,2.471880013,2.215049754,1.387777533,2.403137772,1.885920264,0.196554297,0,1.419598106,1.867915535,4.037004392,1.7809375,2.312779081,1.395863133,2.171267486,3.978370175,1.52341947,3.006006738,2.046660888,2.920947223,2.449591102,0.277323546,2.396358165,1.978116481,0.68556668,0.088211036,3.650436925,1.941798663,3.674242577,0.426253025,1.177674866,1.495374743,2.162119737,3.072566218,1.505586202,2.997899389,1.044008586,3.535611904,2.492015218,3.51829526,3.930269807,2.2733112,0.736608251,1.270292569,1.392955117,1.107110182,1.172668304,0.991086253,0.578779644,1.402038362,0,1.117703166,1.054333167,1.024642744,1.891310159,3.203021496,1.033443447,1.03755249,3.297199399,0.614450194,0.237610837,0.608272411,1.143420213,3.24388407,0.135376001,1.373295205,1.438724746,0.897573269,1.806014795,0.782813673,1.615522733,0.507528159,1.215221465,1.171480725,0.553389888,0.995167825,2.818520742,1.844689796,1.512184438,1.971529155,0,0.763103854,0.411050208,1.703731156,0.674637171,2.387307237,2.293454163,0.835243198,1.504076353,3.297212129,1.358082011,4.336562005,0,0.600757063,0.484060202,0.353703919,1.807007334,1.639605407,2.193429626,0.543059828,0.590523805,1.277520232,0,1.269154627,2.217894684,0,0.654604537,2.312531561,1.735483425,1.458541872,1.797069262,0,1.943388549,1.376909358,2.734748561,0.244040072,0.163530161,0.706802897,1.505803497,1.006391432,2.514628545,0.344069833,1.928905998,1.473211704,0.807428729,2.726342245,1.2841131,2.713693174,1.773620887,1.565172975,1.379139306,2.532587661,1.764098863,0.73094957,0,2.194180503,3.100754913,1.273306578,0,0.027986301,2.686613504,0.101633439,0,0.167643277,0.884599362,1.380653405,3.095717614,0.02844875,4.812067353,3.328616122,1.450060641,1.18829351,0.759784183,0.230173793,1.798347121,1.655132873,1.167242139,0.406081598,0.758525118,4.443749045,2.933518069,1.429659065,2.996168887,0.59578279,2.979875608,1.105574353,0.778449541,1.051091408,0,0.37175428,1.535882381,2.134671826,1.731014111,2.28419703,1.334938073,1.09012783,0.854859553,0.920897053,1.468142059,0.29864429,0.150385058,0.50373137,0.227436792,1.902985412,3.258555355,0.597183771,1.437531127,3.502953311,1.998136919,4.740549804,1.634033545,1.90208005,1.690553201,2.343236867,1.559992924,0.600429743,1.264307289,3.080221847,2.136703157,1.380730534,1.191119802,0.750273305,2.629425053,1.108707953,0.664340592,0,0.948536862,2.707729446,0.348252215,0.350504317,0.934243244,0.115062702,0,1.094431556,0,0.434126458,2.357883051,1.834905518,0.471503433,4.513704799,0.174412599,0.540232313,2.524198483,2.450092716,3.938401728,3.797934728,1.653915789,1.648711353,0.847541971,2.01789212,1.215793946,0.482434541,1.856860978,2.3861867,1.773058813,2.733477644,1.081512428,1.426155454,0.165529785,1.094538861,0.867051589,1.795213078
